policy_id,regime,seed,day,completed_loads,unmet_loads,route_fallback_loads,route_rejected_loads,route_queue_hours,shovel_queue_hours,crusher_queue_hours,congestion_delay_hours_total,congestion_cost,avg_realized_cycle_time_min,avg_realized_cycle_time_hours,completed_loads_per_hour,route_hhi,max_route_share,route_r_a1_loads,route_r_a2_loads,route_r_b1_loads,route_r_b2_loads,route_r_c1_loads,route_r_c2_loads,route_r_a1_attempts,route_r_a2_attempts,route_r_b1_attempts,route_r_b2_attempts,route_r_c1_attempts,route_r_c2_attempts,shovel_a_loads,shovel_b_loads,shovel_c_loads,shovel_a_attempts,shovel_b_attempts,shovel_c_attempts,crusher_1_loads,crusher_2_loads,crusher_1_attempts,crusher_2_attempts
H4,heterogeneous_condition,101,1,210,0,0,0,0.0,0.0,0.0,0.0,0.0,23.43127,0.390521,8.75,0.174694,0.214286,27,36,27,45,30,45,27,36,27,45,30,45,63,72,75,63,72,75,84,126,84,126
H4,heterogeneous_condition,101,2,210,0,0,0,0.0,0.0,0.0,0.0,0.0,23.43127,0.390521,8.75,0.174694,0.214286,27,36,27,45,30,45,27,36,27,45,30,45,63,72,75,63,72,75,84,126,84,126
H4,heterogeneous_condition,101,3,210,0,0,0,0.0,0.0,0.0,0.0,0.0,23.43127,0.390521,8.75,0.174694,0.214286,27,36,27,45,30,45,27,36,27,45,30,45,63,72,75,63,72,75,84,126,84,126
H4,heterogeneous_condition,101,4,210,0,0,0,0.0,0.0,0.0,0.0,0.0,23.43127,0.390521,8.75,0.174694,0.214286,27,36,27,45,30,45,27,36,27,45,30,45,63,72,75,63,72,75,84,126,84,126
H4,heterogeneous_condition,101,5,210,0,0,0,0.0,0.0,0.0,0.0,0.0,23.43127,0.390521,8.75,0.174694,0.214286,27,36,27,45,30,45,27,36,27,45,30,45,63,72,75,63,72,75,84,126,84,126
H4,heterogeneous_condition,101,6,210,0,0,0,0.0,0.0,0.0,0.0,0.0,23.43127,0.390521,8.75,0.174694,0.214286,27,36,27,45,30,45,27,36,27,45,30,45,63,72,75,63,72,75,84,126,84,126
H4,heterogeneous_condition,101,7,210,0,0,0,0.0,0.0,0.0,0.0,0.0,23.43127,0.390521,8.75,0.174694,0.214286,27,36,27,45,30,45,27,36,27,45,30,45,63,72,75,63,72,75,84,126,84,126
H4,heterogeneous_condition,101,8,210,0,0,0,0.0,0.0,0.0,0.0,0.0,23.43127,0.390521,8.75,0.174694,0.214286,27,36,27,45,30,45,27,36,27,45,30,45,63,72,75,63,72,75,84,126,84,126
H4,heterogeneous_condition,101,9,210,0,0,0,0.0,0.0,0.0,0.0,0.0,23.43127,0.390521,8.75,0.174694,0.214286,27,36,27,45,30,45,27,36,27,45,30,45,63,72,75,63,72,75,84,126,84,126
H4,heterogeneous_condition,101,10,210,0,0,0,0.0,0.0,0.0,0.0,0.0,23.43127,0.390521,8.75,0.174694,0.214286,27,36,27,45,30,45,27,36,27,45,30,45,63,72,75,63,72,75,84,126,84,126
H4,heterogeneous_condition,101,11,210,0,0,0,0.0,0.0,0.0,0.0,0.0,23.43127,0.390521,8.75,0.174694,0.214286,27,36,27,45,30,45,27,36,27,45,30,45,63,72,75,63,72,75,84,126,84,126
H4,heterogeneous_condition,101,12,210,0,0,0,0.0,0.0,0.0,0.0,0.0,23.43127,0.390521,8.75,0.174694,0.214286,27,36,27,45,30,45,27,36,27,45,30,45,63,72,75,63,72,75,84,126,84,126
H4,heterogeneous_condition,101,13,210,0,0,0,0.0,0.0,0.0,0.0,0.0,23.43127,0.390521,8.75,0.174694,0.214286,27,36,27,45,30,45,27,36,27,45,30,45,63,72,75,63,72,75,84,126,84,126
H4,heterogeneous_condition,101,14,210,0,0,0,0.0,0.0,0.0,0.0,0.0,23.43127,0.390521,8.75,0.174694,0.214286,27,36,27,45,30,45,27,36,27,45,30,45,63,72,75,63,72,75,84,126,84,126
H4,heterogeneous_condition,101,15,210,0,0,0,0.0,0.0,0.0,0.0,0.0,23.43127,0.390521,8.75,0.174694,0.214286,27,36,27,45,30,45,27,36,27,45,30,45,63,72,75,63,72,75,84,126,84,126
H4,heterogeneous_condition,101,16,210,0,0,0,0.0,0.0,0.0,0.0,0.0,23.43127,0.390521,8.75,0.174694,0.214286,27,36,27,45,30,45,27,36,27,45,30,45,63,72,75,63,72,75,84,126,84,126
H4,heterogeneous_condition,101,17,210,0,0,0,0.0,0.0,0.0,0.0,0.0,23.43127,0.390521,8.75,0.174694,0.214286,27,36,27,45,30,45,27,36,27,45,30,45,63,72,75,63,72,75,84,126,84,126
H4,heterogeneous_condition,101,18,210,0,0,0,0.0,0.0,0.0,0.0,0.0,23.43127,0.390521,8.75,0.174694,0.214286,27,36,27,45,30,45,27,36,27,45,30,45,63,72,75,63,72,75,84,126,84,126
H4,heterogeneous_condition,101,19,210,0,0,0,0.0,0.0,0.0,0.0,0.0,23.43127,0.390521,8.75,0.174694,0.214286,27,36,27,45,30,45,27,36,27,45,30,45,63,72,75,63,72,75,84,126,84,126
H4,heterogeneous_condition,101,20,210,0,0,0,0.0,0.0,0.0,0.0,0.0,23.43127,0.390521,8.75,0.174694,0.214286,27,36,27,45,30,45,27,36,27,45,30,45,63,72,75,63,72,75,84,126,84,126
H4,heterogeneous_condition,101,21,210,0,0,0,0.0,0.0,0.0,0.0,0.0,23.43127,0.390521,8.75,0.174694,0.214286,27,36,27,45,30,45,27,36,27,45,30,45,63,72,75,63,72,75,84,126,84,126
H4,heterogeneous_condition,101,22,210,0,0,0,0.0,0.0,0.0,0.0,0.0,23.43127,0.390521,8.75,0.174694,0.214286,27,36,27,45,30,45,27,36,27,45,30,45,63,72,75,63,72,75,84,126,84,126
H4,heterogeneous_condition,101,23,210,0,0,0,0.0,0.0,0.0,0.0,0.0,23.43127,0.390521,8.75,0.174694,0.214286,27,36,27,45,30,45,27,36,27,45,30,45,63,72,75,63,72,75,84,126,84,126
H4,heterogeneous_condition,101,24,210,0,0,0,0.0,0.0,0.0,0.0,0.0,23.43127,0.390521,8.75,0.174694,0.214286,27,36,27,45,30,45,27,36,27,45,30,45,63,72,75,63,72,75,84,126,84,126
H4,heterogeneous_condition,101,25,210,0,0,0,0.0,0.0,0.0,0.0,0.0,23.43127,0.390521,8.75,0.174694,0.214286,27,36,27,45,30,45,27,36,27,45,30,45,63,72,75,63,72,75,84,126,84,126
H4,heterogeneous_condition,101,26,210,0,0,0,0.0,0.0,0.0,0.0,0.0,23.43127,0.390521,8.75,0.174694,0.214286,27,36,27,45,30,45,27,36,27,45,30,45,63,72,75,63,72,75,84,126,84,126
H4,heterogeneous_condition,101,27,210,0,0,0,0.0,0.0,0.0,0.0,0.0,23.43127,0.390521,8.75,0.174694,0.214286,27,36,27,45,30,45,27,36,27,45,30,45,63,72,75,63,72,75,84,126,84,126
H4,heterogeneous_condition,101,28,210,0,0,0,0.0,0.0,0.0,0.0,0.0,23.43127,0.390521,8.75,0.174694,0.214286,27,36,27,45,30,45,27,36,27,45,30,45,63,72,75,63,72,75,84,126,84,126
H4,heterogeneous_condition,101,29,210,0,0,0,0.0,0.0,0.0,0.0,0.0,23.43127,0.390521,8.75,0.174694,0.214286,27,36,27,45,30,45,27,36,27,45,30,45,63,72,75,63,72,75,84,126,84,126
H4,heterogeneous_condition,101,30,210,0,0,0,0.0,0.0,0.0,0.0,0.0,23.43127,0.390521,8.75,0.174694,0.214286,27,36,27,45,30,45,27,36,27,45,30,45,63,72,75,63,72,75,84,126,84,126
H4,heterogeneous_condition,102,1,210,0,0,0,0.0,0.0,0.0,0.0,0.0,23.43127,0.390521,8.75,0.174694,0.214286,27,36,27,45,30,45,27,36,27,45,30,45,63,72,75,63,72,75,84,126,84,126
H4,heterogeneous_condition,102,2,210,0,0,0,0.0,0.0,0.0,0.0,0.0,23.43127,0.390521,8.75,0.174694,0.214286,27,36,27,45,30,45,27,36,27,45,30,45,63,72,75,63,72,75,84,126,84,126
H4,heterogeneous_condition,102,3,210,0,0,0,0.0,0.0,0.0,0.0,0.0,23.43127,0.390521,8.75,0.174694,0.214286,27,36,27,45,30,45,27,36,27,45,30,45,63,72,75,63,72,75,84,126,84,126
H4,heterogeneous_condition,102,4,210,0,0,0,0.0,0.0,0.0,0.0,0.0,23.43127,0.390521,8.75,0.174694,0.214286,27,36,27,45,30,45,27,36,27,45,30,45,63,72,75,63,72,75,84,126,84,126
H4,heterogeneous_condition,102,5,210,0,0,0,0.0,0.0,0.0,0.0,0.0,23.43127,0.390521,8.75,0.174694,0.214286,27,36,27,45,30,45,27,36,27,45,30,45,63,72,75,63,72,75,84,126,84,126
H4,heterogeneous_condition,102,6,210,0,0,0,0.0,0.0,0.0,0.0,0.0,23.43127,0.390521,8.75,0.174694,0.214286,27,36,27,45,30,45,27,36,27,45,30,45,63,72,75,63,72,75,84,126,84,126
H4,heterogeneous_condition,102,7,210,0,0,0,0.0,0.0,0.0,0.0,0.0,23.43127,0.390521,8.75,0.174694,0.214286,27,36,27,45,30,45,27,36,27,45,30,45,63,72,75,63,72,75,84,126,84,126
H4,heterogeneous_condition,102,8,210,0,0,0,0.0,0.0,0.0,0.0,0.0,23.43127,0.390521,8.75,0.174694,0.214286,27,36,27,45,30,45,27,36,27,45,30,45,63,72,75,63,72,75,84,126,84,126
H4,heterogeneous_condition,102,9,210,0,0,0,0.0,0.0,0.0,0.0,0.0,23.43127,0.390521,8.75,0.174694,0.214286,27,36,27,45,30,45,27,36,27,45,30,45,63,72,75,63,72,75,84,126,84,126
H4,heterogeneous_condition,102,10,210,0,0,0,0.0,0.0,0.0,0.0,0.0,23.43127,0.390521,8.75,0.174694,0.214286,27,36,27,45,30,45,27,36,27,45,30,45,63,72,75,63,72,75,84,126,84,126
H4,heterogeneous_condition,102,11,210,0,0,0,0.0,0.0,0.0,0.0,0.0,23.43127,0.390521,8.75,0.174694,0.214286,27,36,27,45,30,45,27,36,27,45,30,45,63,72,75,63,72,75,84,126,84,126
H4,heterogeneous_condition,102,12,210,0,0,0,0.0,0.0,0.0,0.0,0.0,23.43127,0.390521,8.75,0.174694,0.214286,27,36,27,45,30,45,27,36,27,45,30,45,63,72,75,63,72,75,84,126,84,126
H4,heterogeneous_condition,102,13,210,0,0,0,0.0,0.0,0.0,0.0,0.0,23.43127,0.390521,8.75,0.174694,0.214286,27,36,27,45,30,45,27,36,27,45,30,45,63,72,75,63,72,75,84,126,84,126
H4,heterogeneous_condition,102,14,210,0,0,0,0.0,0.0,0.0,0.0,0.0,23.43127,0.390521,8.75,0.174694,0.214286,27,36,27,45,30,45,27,36,27,45,30,45,63,72,75,63,72,75,84,126,84,126
H4,heterogeneous_condition,102,15,210,0,0,0,0.0,0.0,0.0,0.0,0.0,23.43127,0.390521,8.75,0.174694,0.214286,27,36,27,45,30,45,27,36,27,45,30,45,63,72,75,63,72,75,84,126,84,126
H4,heterogeneous_condition,102,16,210,0,0,0,0.0,0.0,0.0,0.0,0.0,23.43127,0.390521,8.75,0.174694,0.214286,27,36,27,45,30,45,27,36,27,45,30,45,63,72,75,63,72,75,84,126,84,126
H4,heterogeneous_condition,102,17,210,0,0,0,0.0,0.0,0.0,0.0,0.0,23.43127,0.390521,8.75,0.174694,0.214286,27,36,27,45,30,45,27,36,27,45,30,45,63,72,75,63,72,75,84,126,84,126
H4,heterogeneous_condition,102,18,210,0,0,0,0.0,0.0,0.0,0.0,0.0,23.43127,0.390521,8.75,0.174694,0.214286,27,36,27,45,30,45,27,36,27,45,30,45,63,72,75,63,72,75,84,126,84,126
H4,heterogeneous_condition,102,19,210,0,0,0,0.0,0.0,0.0,0.0,0.0,23.43127,0.390521,8.75,0.174694,0.214286,27,36,27,45,30,45,27,36,27,45,30,45,63,72,75,63,72,75,84,126,84,126
H4,heterogeneous_condition,102,20,210,0,0,0,0.0,0.0,0.0,0.0,0.0,23.43127,0.390521,8.75,0.174694,0.214286,27,36,27,45,30,45,27,36,27,45,30,45,63,72,75,63,72,75,84,126,84,126
H4,heterogeneous_condition,102,21,210,0,0,0,0.0,0.0,0.0,0.0,0.0,23.43127,0.390521,8.75,0.174694,0.214286,27,36,27,45,30,45,27,36,27,45,30,45,63,72,75,63,72,75,84,126,84,126
H4,heterogeneous_condition,102,22,210,0,0,0,0.0,0.0,0.0,0.0,0.0,23.43127,0.390521,8.75,0.174694,0.214286,27,36,27,45,30,45,27,36,27,45,30,45,63,72,75,63,72,75,84,126,84,126
H4,heterogeneous_condition,102,23,210,0,0,0,0.0,0.0,0.0,0.0,0.0,23.43127,0.390521,8.75,0.174694,0.214286,27,36,27,45,30,45,27,36,27,45,30,45,63,72,75,63,72,75,84,126,84,126
H4,heterogeneous_condition,102,24,210,0,0,0,0.0,0.0,0.0,0.0,0.0,23.43127,0.390521,8.75,0.174694,0.214286,27,36,27,45,30,45,27,36,27,45,30,45,63,72,75,63,72,75,84,126,84,126
H4,heterogeneous_condition,102,25,210,0,0,0,0.0,0.0,0.0,0.0,0.0,23.43127,0.390521,8.75,0.174694,0.214286,27,36,27,45,30,45,27,36,27,45,30,45,63,72,75,63,72,75,84,126,84,126
H4,heterogeneous_condition,102,26,210,0,0,0,0.0,0.0,0.0,0.0,0.0,23.43127,0.390521,8.75,0.174694,0.214286,27,36,27,45,30,45,27,36,27,45,30,45,63,72,75,63,72,75,84,126,84,126
H4,heterogeneous_condition,102,27,210,0,0,0,0.0,0.0,0.0,0.0,0.0,23.43127,0.390521,8.75,0.174694,0.214286,27,36,27,45,30,45,27,36,27,45,30,45,63,72,75,63,72,75,84,126,84,126
H4,heterogeneous_condition,102,28,210,0,0,0,0.0,0.0,0.0,0.0,0.0,23.43127,0.390521,8.75,0.174694,0.214286,27,36,27,45,30,45,27,36,27,45,30,45,63,72,75,63,72,75,84,126,84,126
H4,heterogeneous_condition,102,29,210,0,0,0,0.0,0.0,0.0,0.0,0.0,23.43127,0.390521,8.75,0.174694,0.214286,27,36,27,45,30,45,27,36,27,45,30,45,63,72,75,63,72,75,84,126,84,126
H4,heterogeneous_condition,102,30,210,0,0,0,0.0,0.0,0.0,0.0,0.0,23.43127,0.390521,8.75,0.174694,0.214286,27,36,27,45,30,45,27,36,27,45,30,45,63,72,75,63,72,75,84,126,84,126
H4,heterogeneous_condition,103,1,210,0,0,0,0.0,0.0,0.0,0.0,0.0,23.43127,0.390521,8.75,0.174694,0.214286,27,36,27,45,30,45,27,36,27,45,30,45,63,72,75,63,72,75,84,126,84,126
H4,heterogeneous_condition,103,2,210,0,0,0,0.0,0.0,0.0,0.0,0.0,23.43127,0.390521,8.75,0.174694,0.214286,27,36,27,45,30,45,27,36,27,45,30,45,63,72,75,63,72,75,84,126,84,126
H4,heterogeneous_condition,103,3,210,0,0,0,0.0,0.0,0.0,0.0,0.0,23.43127,0.390521,8.75,0.174694,0.214286,27,36,27,45,30,45,27,36,27,45,30,45,63,72,75,63,72,75,84,126,84,126
H4,heterogeneous_condition,103,4,210,0,0,0,0.0,0.0,0.0,0.0,0.0,23.43127,0.390521,8.75,0.174694,0.214286,27,36,27,45,30,45,27,36,27,45,30,45,63,72,75,63,72,75,84,126,84,126
H4,heterogeneous_condition,103,5,210,0,0,0,0.0,0.0,0.0,0.0,0.0,23.43127,0.390521,8.75,0.174694,0.214286,27,36,27,45,30,45,27,36,27,45,30,45,63,72,75,63,72,75,84,126,84,126
H4,heterogeneous_condition,103,6,210,0,0,0,0.0,0.0,0.0,0.0,0.0,23.43127,0.390521,8.75,0.174694,0.214286,27,36,27,45,30,45,27,36,27,45,30,45,63,72,75,63,72,75,84,126,84,126
H4,heterogeneous_condition,103,7,210,0,0,0,0.0,0.0,0.0,0.0,0.0,23.43127,0.390521,8.75,0.174694,0.214286,27,36,27,45,30,45,27,36,27,45,30,45,63,72,75,63,72,75,84,126,84,126
H4,heterogeneous_condition,103,8,210,0,0,0,0.0,0.0,0.0,0.0,0.0,23.43127,0.390521,8.75,0.174694,0.214286,27,36,27,45,30,45,27,36,27,45,30,45,63,72,75,63,72,75,84,126,84,126
H4,heterogeneous_condition,103,9,210,0,0,0,0.0,0.0,0.0,0.0,0.0,23.43127,0.390521,8.75,0.174694,0.214286,27,36,27,45,30,45,27,36,27,45,30,45,63,72,75,63,72,75,84,126,84,126
H4,heterogeneous_condition,103,10,210,0,0,0,0.0,0.0,0.0,0.0,0.0,23.43127,0.390521,8.75,0.174694,0.214286,27,36,27,45,30,45,27,36,27,45,30,45,63,72,75,63,72,75,84,126,84,126
H4,heterogeneous_condition,103,11,210,0,0,0,0.0,0.0,0.0,0.0,0.0,23.43127,0.390521,8.75,0.174694,0.214286,27,36,27,45,30,45,27,36,27,45,30,45,63,72,75,63,72,75,84,126,84,126
H4,heterogeneous_condition,103,12,210,0,0,0,0.0,0.0,0.0,0.0,0.0,23.43127,0.390521,8.75,0.174694,0.214286,27,36,27,45,30,45,27,36,27,45,30,45,63,72,75,63,72,75,84,126,84,126
H4,heterogeneous_condition,103,13,210,0,0,0,0.0,0.0,0.0,0.0,0.0,23.43127,0.390521,8.75,0.174694,0.214286,27,36,27,45,30,45,27,36,27,45,30,45,63,72,75,63,72,75,84,126,84,126
H4,heterogeneous_condition,103,14,210,0,0,0,0.0,0.0,0.0,0.0,0.0,23.43127,0.390521,8.75,0.174694,0.214286,27,36,27,45,30,45,27,36,27,45,30,45,63,72,75,63,72,75,84,126,84,126
H4,heterogeneous_condition,103,15,210,0,0,0,0.0,0.0,0.0,0.0,0.0,23.43127,0.390521,8.75,0.174694,0.214286,27,36,27,45,30,45,27,36,27,45,30,45,63,72,75,63,72,75,84,126,84,126
H4,heterogeneous_condition,103,16,210,0,0,0,0.0,0.0,0.0,0.0,0.0,23.43127,0.390521,8.75,0.174694,0.214286,27,36,27,45,30,45,27,36,27,45,30,45,63,72,75,63,72,75,84,126,84,126
H4,heterogeneous_condition,103,17,210,0,0,0,0.0,0.0,0.0,0.0,0.0,23.43127,0.390521,8.75,0.174694,0.214286,27,36,27,45,30,45,27,36,27,45,30,45,63,72,75,63,72,75,84,126,84,126
H4,heterogeneous_condition,103,18,210,0,0,0,0.0,0.0,0.0,0.0,0.0,23.43127,0.390521,8.75,0.174694,0.214286,27,36,27,45,30,45,27,36,27,45,30,45,63,72,75,63,72,75,84,126,84,126
H4,heterogeneous_condition,103,19,210,0,0,0,0.0,0.0,0.0,0.0,0.0,23.43127,0.390521,8.75,0.174694,0.214286,27,36,27,45,30,45,27,36,27,45,30,45,63,72,75,63,72,75,84,126,84,126
H4,heterogeneous_condition,103,20,210,0,0,0,0.0,0.0,0.0,0.0,0.0,23.43127,0.390521,8.75,0.174694,0.214286,27,36,27,45,30,45,27,36,27,45,30,45,63,72,75,63,72,75,84,126,84,126
H4,heterogeneous_condition,103,21,210,0,0,0,0.0,0.0,0.0,0.0,0.0,23.43127,0.390521,8.75,0.174694,0.214286,27,36,27,45,30,45,27,36,27,45,30,45,63,72,75,63,72,75,84,126,84,126
H4,heterogeneous_condition,103,22,210,0,0,0,0.0,0.0,0.0,0.0,0.0,23.43127,0.390521,8.75,0.174694,0.214286,27,36,27,45,30,45,27,36,27,45,30,45,63,72,75,63,72,75,84,126,84,126
H4,heterogeneous_condition,103,23,210,0,0,0,0.0,0.0,0.0,0.0,0.0,23.43127,0.390521,8.75,0.174694,0.214286,27,36,27,45,30,45,27,36,27,45,30,45,63,72,75,63,72,75,84,126,84,126
H4,heterogeneous_condition,103,24,210,0,0,0,0.0,0.0,0.0,0.0,0.0,23.43127,0.390521,8.75,0.174694,0.214286,27,36,27,45,30,45,27,36,27,45,30,45,63,72,75,63,72,75,84,126,84,126
H4,heterogeneous_condition,103,25,210,0,0,0,0.0,0.0,0.0,0.0,0.0,23.43127,0.390521,8.75,0.174694,0.214286,27,36,27,45,30,45,27,36,27,45,30,45,63,72,75,63,72,75,84,126,84,126
H4,heterogeneous_condition,103,26,210,0,0,0,0.0,0.0,0.0,0.0,0.0,23.43127,0.390521,8.75,0.174694,0.214286,27,36,27,45,30,45,27,36,27,45,30,45,63,72,75,63,72,75,84,126,84,126
H4,heterogeneous_condition,103,27,210,0,0,0,0.0,0.0,0.0,0.0,0.0,23.43127,0.390521,8.75,0.174694,0.214286,27,36,27,45,30,45,27,36,27,45,30,45,63,72,75,63,72,75,84,126,84,126
H4,heterogeneous_condition,103,28,210,0,0,0,0.0,0.0,0.0,0.0,0.0,23.43127,0.390521,8.75,0.174694,0.214286,27,36,27,45,30,45,27,36,27,45,30,45,63,72,75,63,72,75,84,126,84,126
H4,heterogeneous_condition,103,29,210,0,0,0,0.0,0.0,0.0,0.0,0.0,23.43127,0.390521,8.75,0.174694,0.214286,27,36,27,45,30,45,27,36,27,45,30,45,63,72,75,63,72,75,84,126,84,126
H4,heterogeneous_condition,103,30,210,0,0,0,0.0,0.0,0.0,0.0,0.0,23.43127,0.390521,8.75,0.174694,0.214286,27,36,27,45,30,45,27,36,27,45,30,45,63,72,75,63,72,75,84,126,84,126
BALANCED_RR_H4_PM,heterogeneous_condition,101,1,210,0,0,0,0.0,0.0,0.007008,0.007008,0.003504,23.24769,0.387462,8.75,0.168844,0.185714,39,31,39,31,39,31,39,31,39,31,39,31,70,70,70,70,70,70,117,93,117,93
BALANCED_RR_H4_PM,heterogeneous_condition,101,2,210,0,0,0,0.0,0.0,0.007008,0.007008,0.003504,23.24769,0.387462,8.75,0.168844,0.185714,39,31,39,31,39,31,39,31,39,31,39,31,70,70,70,70,70,70,117,93,117,93
BALANCED_RR_H4_PM,heterogeneous_condition,101,3,210,0,0,0,0.0,0.0,0.003895,0.003895,0.001947,23.283303,0.388055,8.75,0.167664,0.180952,37,32,38,33,38,32,37,32,38,33,38,32,69,71,70,69,71,70,113,97,113,97
BALANCED_RR_H4_PM,heterogeneous_condition,101,4,210,0,0,0,0.0,0.0,0.000168,0.000168,8.4e-05,23.703678,0.395061,8.75,0.167029,0.17619,35,37,34,36,32,36,35,37,34,36,32,36,72,70,68,72,70,68,101,109,101,109
BALANCED_RR_H4_PM,heterogeneous_condition,101,5,210,0,0,0,0.0,0.0,0.000102,0.000102,5.1e-05,23.666362,0.394439,8.75,0.167166,0.17619,35,37,32,36,33,37,35,37,32,36,33,37,72,68,70,72,68,70,100,110,100,110
BALANCED_RR_H4_PM,heterogeneous_condition,101,6,210,0,0,0,0.0,0.0,0.000377,0.000377,0.000188,23.567698,0.392795,8.75,0.167075,0.17619,33,36,37,37,33,34,33,36,37,37,33,34,69,74,67,69,74,67,103,107,103,107
BALANCED_RR_H4_PM,heterogeneous_condition,101,7,210,0,0,0,0.0,0.0,0.0012,0.0012,0.0006,23.250351,0.387506,8.75,0.166984,0.17619,35,32,35,36,37,35,35,32,35,36,37,35,67,71,72,67,71,72,107,103,107,103
BALANCED_RR_H4_PM,heterogeneous_condition,101,8,210,0,0,0,0.0,0.0,0.001512,0.001512,0.000756,23.358184,0.389303,8.75,0.167392,0.185714,33,34,39,36,36,32,33,34,39,36,36,32,67,75,68,67,75,68,108,102,108,102
BALANCED_RR_H4_PM,heterogeneous_condition,101,9,210,0,0,0,0.0,0.0,0.000934,0.000934,0.000467,23.396898,0.389948,8.75,0.166984,0.17619,37,33,33,35,36,36,37,33,33,35,36,36,70,68,72,70,68,72,106,104,106,104
BALANCED_RR_H4_PM,heterogeneous_condition,101,10,210,0,0,0,0.0,0.0,0.002763,0.002763,0.001381,23.363929,0.389399,8.75,0.16771,0.185714,35,34,37,35,39,30,35,34,37,35,39,30,69,72,69,69,72,69,111,99,111,99
BALANCED_RR_H4_PM,heterogeneous_condition,101,11,210,0,0,0,0.0,0.0,5.5e-05,5.5e-05,2.8e-05,23.680818,0.39468,8.75,0.167846,0.185714,31,38,36,39,32,34,31,38,36,39,32,34,69,75,66,69,75,66,99,111,99,111
BALANCED_RR_H4_PM,heterogeneous_condition,101,12,210,0,0,0,0.0,0.0,5.5e-05,5.5e-05,2.8e-05,23.59135,0.393189,8.75,0.167937,0.190476,36,36,30,35,33,40,36,36,30,35,33,40,72,65,73,72,65,73,99,111,99,111
BALANCED_RR_H4_PM,heterogeneous_condition,101,13,210,0,0,0,0.0,0.0,0.000168,0.000168,8.4e-05,23.631571,0.39386,8.75,0.167392,0.185714,33,36,36,39,32,34,33,36,36,39,32,34,69,75,66,69,75,66,101,109,101,109
BALANCED_RR_H4_PM,heterogeneous_condition,101,14,210,0,0,0,0.0,0.0,0.000934,0.000934,0.000467,23.473255,0.391221,8.75,0.166848,0.17619,35,34,37,36,34,34,35,34,37,36,34,34,69,73,68,69,73,68,106,104,106,104
BALANCED_RR_H4_PM,heterogeneous_condition,101,15,210,0,0,0,0.0,4.1e-05,0.000711,0.000752,0.000376,23.650909,0.394182,8.75,0.168435,0.195238,32,37,41,37,32,31,32,37,41,37,32,31,69,78,63,69,78,63,105,105,105,105
BALANCED_RR_H4_PM,heterogeneous_condition,101,16,210,0,0,0,0.0,0.0,0.000377,0.000377,0.000188,23.032018,0.383867,8.75,0.167937,0.180952,30,32,35,38,38,37,30,32,35,38,38,37,62,73,75,62,73,75,103,107,103,107
BALANCED_RR_H4_PM,heterogeneous_condition,101,17,210,0,0,0,0.0,0.0,0.001512,0.001512,0.000756,23.397546,0.389959,8.75,0.166848,0.17619,36,34,35,34,37,34,36,34,35,34,37,34,70,69,71,70,69,71,108,102,108,102
BALANCED_RR_H4_PM,heterogeneous_condition,101,18,210,0,0,0,0.0,0.0,0.000934,0.000934,0.000467,23.428215,0.39047,8.75,0.167075,0.180952,35,33,36,38,35,33,35,33,36,38,35,33,68,74,68,68,74,68,106,104,106,104
BALANCED_RR_H4_PM,heterogeneous_condition,101,19,210,0,0,0,0.0,3e-06,0.0012,0.001204,0.000602,23.753054,0.395884,8.75,0.167438,0.180952,36,37,38,35,33,31,36,37,38,35,33,31,73,73,64,73,73,64,107,103,107,103
BALANCED_RR_H4_PM,heterogeneous_condition,101,20,210,0,0,0,0.0,0.0,0.000168,0.000168,8.4e-05,23.170476,0.386175,8.75,0.167937,0.180952,32,33,31,38,38,38,32,33,31,38,38,38,65,69,76,65,69,76,101,109,101,109
BALANCED_RR_H4_PM,heterogeneous_condition,101,21,210,0,0,0,0.0,0.0,0.000259,0.000259,0.000129,23.224697,0.387078,8.75,0.1678,0.190476,31,33,34,40,37,35,31,33,34,40,37,35,64,74,72,64,74,72,102,108,102,108
BALANCED_RR_H4_PM,heterogeneous_condition,101,22,210,0,0,0,0.0,0.0,0.000102,0.000102,5.1e-05,23.56046,0.392674,8.75,0.167347,0.185714,35,36,32,35,33,39,35,36,32,35,33,39,71,67,72,71,67,72,100,110,100,110
BALANCED_RR_H4_PM,heterogeneous_condition,101,23,210,0,0,0,0.0,0.0,0.001512,0.001512,0.000756,23.234309,0.387238,8.75,0.16712,0.180952,35,32,35,36,38,34,35,32,35,36,38,34,67,71,72,67,71,72,108,102,108,102
BALANCED_RR_H4_PM,heterogeneous_condition,101,24,210,0,0,0,0.0,0.0,0.00229,0.00229,0.001145,23.16209,0.386035,8.75,0.167302,0.180952,36,31,36,34,38,35,36,31,36,34,38,35,67,70,73,67,70,73,110,100,110,100
BALANCED_RR_H4_PM,heterogeneous_condition,101,25,210,0,0,0,0.0,0.0,0.000259,0.000259,0.000129,23.518425,0.391974,8.75,0.167029,0.17619,34,36,32,37,36,35,34,36,32,37,36,35,70,69,71,70,69,71,102,108,102,108
BALANCED_RR_H4_PM,heterogeneous_condition,101,26,210,0,0,0,0.0,0.0,0.003296,0.003296,0.001648,23.407643,0.390127,8.75,0.16771,0.180952,37,33,37,35,38,30,37,33,37,35,38,30,70,72,68,70,72,68,112,98,112,98
BALANCED_RR_H4_PM,heterogeneous_condition,101,27,210,0,0,0,0.0,0.0,0.000934,0.000934,0.000467,23.717924,0.395299,8.75,0.167891,0.185714,33,39,38,35,35,30,33,39,38,35,35,30,72,73,65,72,73,65,106,104,106,104
BALANCED_RR_H4_PM,heterogeneous_condition,101,28,210,0,0,0,0.0,9.6e-05,0.000711,0.000807,0.000404,23.880471,0.398008,8.75,0.167528,0.185714,39,37,35,34,31,34,39,37,35,34,31,34,76,69,65,76,69,65,105,105,105,105
BALANCED_RR_H4_PM,heterogeneous_condition,101,29,210,0,0,0,0.0,0.000415,0.002763,0.003178,0.001589,23.006721,0.383445,8.75,0.171746,0.195238,29,31,41,41,41,27,29,31,41,41,41,27,60,82,68,60,82,68,111,99,111,99
BALANCED_RR_H4_PM,heterogeneous_condition,101,30,210,0,0,0,0.0,0.0,0.000934,0.000934,0.000467,23.049741,0.384162,8.75,0.167937,0.185714,34,30,33,38,39,36,34,30,33,38,39,36,64,71,75,64,71,75,106,104,106,104
BALANCED_RR_H4_PM,heterogeneous_condition,102,1,210,0,0,0,0.0,0.0,0.007008,0.007008,0.003504,23.24769,0.387462,8.75,0.168844,0.185714,39,31,39,31,39,31,39,31,39,31,39,31,70,70,70,70,70,70,117,93,117,93
BALANCED_RR_H4_PM,heterogeneous_condition,102,2,210,0,0,0,0.0,0.0,0.007008,0.007008,0.003504,23.218498,0.386975,8.75,0.168889,0.185714,39,31,39,30,39,32,39,31,39,30,39,32,70,69,71,70,69,71,117,93,117,93
BALANCED_RR_H4_PM,heterogeneous_condition,102,3,210,0,0,0,0.0,0.0,0.0,0.0,0.0,23.720728,0.395345,8.75,0.168844,0.185714,31,39,31,39,31,39,31,39,31,39,31,39,70,70,70,70,70,70,93,117,93,117
BALANCED_RR_H4_PM,heterogeneous_condition,102,4,210,0,0,0,0.0,0.0,0.0012,0.0012,0.0006,23.581427,0.393024,8.75,0.166984,0.17619,35,36,37,35,35,32,35,36,37,35,35,32,71,72,67,71,72,67,107,103,107,103
BALANCED_RR_H4_PM,heterogeneous_condition,102,5,210,0,0,0,0.0,1.6e-05,2e-06,1.8e-05,9e-06,23.81017,0.396836,8.75,0.16839,0.190476,34,40,30,35,32,39,34,40,30,35,32,39,74,65,71,74,65,71,96,114,96,114
BALANCED_RR_H4_PM,heterogeneous_condition,102,6,210,0,0,0,0.0,0.0,0.001512,0.001512,0.000756,23.519295,0.391988,8.75,0.166984,0.171429,36,36,36,32,36,34,36,36,36,32,36,34,72,68,70,72,68,70,108,102,108,102
BALANCED_RR_H4_PM,heterogeneous_condition,102,7,210,0,0,0,0.0,0.0,0.0012,0.0012,0.0006,23.44278,0.390713,8.75,0.166757,0.171429,36,34,35,35,36,34,36,34,35,35,36,34,70,70,70,70,70,70,107,103,107,103
BALANCED_RR_H4_PM,heterogeneous_condition,102,8,210,0,0,0,0.0,0.0,0.000168,0.000168,8.4e-05,23.31894,0.388649,8.75,0.167211,0.180952,32,35,33,36,36,38,32,35,33,36,36,38,67,69,74,67,69,74,101,109,101,109
BALANCED_RR_H4_PM,heterogeneous_condition,102,9,210,0,0,0,0.0,0.000177,0.0012,0.001377,0.000689,23.837505,0.397292,8.75,0.16771,0.185714,39,38,35,31,33,34,39,38,35,31,33,34,77,66,67,77,66,67,107,103,107,103
BALANCED_RR_H4_PM,heterogeneous_condition,102,10,210,0,0,0,0.0,0.0,0.0012,0.0012,0.0006,23.408985,0.39015,8.75,0.167574,0.180952,38,34,33,31,36,38,38,34,33,31,36,38,72,64,74,72,64,74,107,103,107,103
BALANCED_RR_H4_PM,heterogeneous_condition,102,11,210,0,0,0,0.0,0.0,2.6e-05,2.6e-05,1.3e-05,23.727795,0.395463,8.75,0.167619,0.180952,35,37,32,37,31,38,35,37,32,37,31,38,72,69,69,72,69,69,98,112,98,112
BALANCED_RR_H4_PM,heterogeneous_condition,102,12,210,0,0,0,0.0,0.0,0.00229,0.00229,0.001145,23.177818,0.386297,8.75,0.16771,0.180952,37,30,38,33,35,37,37,30,38,33,35,37,67,71,72,67,71,72,110,100,110,100
BALANCED_RR_H4_PM,heterogeneous_condition,102,13,210,0,0,0,0.0,3e-06,5.5e-05,5.8e-05,2.9e-05,23.488391,0.391473,8.75,0.167937,0.190476,30,36,36,40,33,35,30,36,36,40,33,35,66,76,68,66,76,68,99,111,99,111
BALANCED_RR_H4_PM,heterogeneous_condition,102,14,210,0,0,0,0.0,0.0,0.000377,0.000377,0.000188,23.414751,0.390246,8.75,0.16712,0.17619,34,36,32,34,37,37,34,36,32,34,37,37,70,66,74,70,66,74,103,107,103,107
BALANCED_RR_H4_PM,heterogeneous_condition,102,15,210,0,0,0,0.0,3e-06,0.000168,0.000171,8.6e-05,23.871519,0.397859,8.75,0.167619,0.185714,34,39,36,37,31,33,34,39,36,37,31,33,73,73,64,73,73,64,101,109,101,109
BALANCED_RR_H4_PM,heterogeneous_condition,102,16,210,0,0,0,0.0,1.6e-05,0.000934,0.000951,0.000475,23.599148,0.393319,8.75,0.167438,0.185714,39,35,33,32,34,37,39,35,33,32,34,37,74,65,71,74,65,71,106,104,106,104
BALANCED_RR_H4_PM,heterogeneous_condition,102,17,210,0,0,0,0.0,0.0,0.000711,0.000711,0.000355,23.081775,0.384696,8.75,0.167755,0.185714,33,33,33,33,39,39,33,33,33,33,39,39,66,66,78,66,66,78,105,105,105,105
BALANCED_RR_H4_PM,heterogeneous_condition,102,18,210,0,0,0,0.0,0.0,0.000377,0.000377,0.000188,23.115225,0.385254,8.75,0.168571,0.185714,35,30,30,39,38,38,35,30,30,39,38,38,65,69,76,65,69,76,103,107,103,107
BALANCED_RR_H4_PM,heterogeneous_condition,102,19,210,0,0,0,0.0,0.0,0.000377,0.000377,0.000188,23.352461,0.389208,8.75,0.166893,0.17619,33,35,34,35,36,37,33,35,34,35,36,37,68,69,73,68,69,73,103,107,103,107
BALANCED_RR_H4_PM,heterogeneous_condition,102,20,210,0,0,0,0.0,0.0,0.0012,0.0012,0.0006,23.502239,0.391704,8.75,0.166939,0.180952,35,35,38,34,34,34,35,35,38,34,34,34,70,72,68,70,72,68,107,103,107,103
BALANCED_RR_H4_PM,heterogeneous_condition,102,21,210,0,0,0,0.0,0.0,0.000377,0.000377,0.000188,23.6216,0.393693,8.75,0.166939,0.180952,34,38,34,34,35,35,34,38,34,34,35,35,72,68,70,72,68,70,103,107,103,107
BALANCED_RR_H4_PM,heterogeneous_condition,102,22,210,0,0,0,0.0,0.0,0.000711,0.000711,0.000355,23.577018,0.39295,8.75,0.167029,0.17619,34,36,36,37,35,32,34,36,36,37,35,32,70,73,67,70,73,67,105,105,105,105
BALANCED_RR_H4_PM,heterogeneous_condition,102,23,210,0,0,0,0.0,0.0,0.0012,0.0012,0.0006,23.31098,0.388516,8.75,0.167755,0.180952,32,34,37,38,38,31,32,34,37,38,38,31,66,75,69,66,75,69,107,103,107,103
BALANCED_RR_H4_PM,heterogeneous_condition,102,24,210,0,0,0,0.0,0.0,0.000934,0.000934,0.000467,23.117709,0.385295,8.75,0.167392,0.180952,32,32,36,37,38,35,32,32,36,37,38,35,64,73,73,64,73,73,106,104,106,104
BALANCED_RR_H4_PM,heterogeneous_condition,102,25,210,0,0,0,0.0,3e-06,0.000168,0.000171,8.6e-05,23.656514,0.394275,8.75,0.167483,0.17619,37,36,30,36,34,37,37,36,30,36,34,37,73,66,71,73,66,71,101,109,101,109
BALANCED_RR_H4_PM,heterogeneous_condition,102,26,210,0,0,0,0.0,0.0,0.001874,0.001874,0.000937,23.261196,0.387687,8.75,0.167528,0.185714,37,33,33,32,39,36,37,33,33,32,39,36,70,65,75,70,65,75,109,101,109,101
BALANCED_RR_H4_PM,heterogeneous_condition,102,27,210,0,0,0,0.0,0.0,0.001512,0.001512,0.000756,23.228045,0.387134,8.75,0.167256,0.180952,33,33,37,36,38,33,33,33,37,36,38,33,66,73,71,66,73,71,108,102,108,102
BALANCED_RR_H4_PM,heterogeneous_condition,102,28,210,0,0,0,0.0,4.5e-05,0.001512,0.001557,0.000779,23.779819,0.39633,8.75,0.167528,0.185714,39,36,37,33,32,33,39,36,37,33,32,33,75,70,65,75,70,65,108,102,108,102
BALANCED_RR_H4_PM,heterogeneous_condition,102,29,210,0,0,0,0.0,0.0,0.000168,0.000168,8.4e-05,23.462423,0.39104,8.75,0.167483,0.190476,32,35,34,40,35,34,32,35,34,40,35,34,67,74,69,67,74,69,101,109,101,109
BALANCED_RR_H4_PM,heterogeneous_condition,102,30,210,0,0,0,0.0,0.0,0.000711,0.000711,0.000355,22.957548,0.382626,8.75,0.168163,0.190476,33,31,33,34,39,40,33,31,33,34,39,40,64,67,79,64,67,79,105,105,105,105
BALANCED_RR_H4_PM,heterogeneous_condition,103,1,210,0,0,0,0.0,0.0,0.007008,0.007008,0.003504,23.24769,0.387462,8.75,0.168844,0.185714,39,31,39,31,39,31,39,31,39,31,39,31,70,70,70,70,70,70,117,93,117,93
BALANCED_RR_H4_PM,heterogeneous_condition,103,2,210,0,0,0,0.0,0.0,0.003296,0.003296,0.001648,23.301741,0.388362,8.75,0.167483,0.180952,37,32,37,34,38,32,37,32,37,34,38,32,69,71,70,69,71,70,112,98,112,98
BALANCED_RR_H4_PM,heterogeneous_condition,103,3,210,0,0,0,0.0,0.0,2e-06,2e-06,1e-06,23.572344,0.392872,8.75,0.167982,0.185714,31,37,33,39,32,38,31,37,33,39,32,38,68,72,70,68,72,70,96,114,96,114
BALANCED_RR_H4_PM,heterogeneous_condition,103,4,210,0,0,0,0.0,4.5e-05,0.000711,0.000756,0.000378,23.694411,0.394907,8.75,0.167392,0.185714,39,36,32,33,34,36,39,36,32,33,34,36,75,65,70,75,65,70,105,105,105,105
BALANCED_RR_H4_PM,heterogeneous_condition,103,5,210,0,0,0,0.0,0.0,0.000377,0.000377,0.000188,23.373145,0.389552,8.75,0.166848,0.17619,34,34,34,36,35,37,34,34,34,36,35,37,68,70,72,68,70,72,103,107,103,107
BALANCED_RR_H4_PM,heterogeneous_condition,103,6,210,0,0,0,0.0,0.0,0.000711,0.000711,0.000355,23.340978,0.389016,8.75,0.166848,0.17619,34,34,34,36,37,35,34,34,34,36,37,35,68,70,72,68,70,72,105,105,105,105
BALANCED_RR_H4_PM,heterogeneous_condition,103,7,210,0,0,0,0.0,0.0,0.003296,0.003296,0.001648,23.582821,0.393047,8.75,0.167982,0.190476,37,35,40,33,35,30,37,35,40,33,35,30,72,73,65,72,73,65,112,98,112,98
BALANCED_RR_H4_PM,heterogeneous_condition,103,8,210,0,0,0,0.0,0.0,0.000168,0.000168,8.4e-05,23.546472,0.392441,8.75,0.166984,0.17619,33,36,35,37,33,36,33,36,35,37,33,36,69,72,69,69,72,69,101,109,101,109
BALANCED_RR_H4_PM,heterogeneous_condition,103,9,210,0,0,0,0.0,0.0,0.000526,0.000526,0.000263,23.587186,0.39312,8.75,0.166939,0.17619,34,37,34,36,36,33,34,37,34,36,36,33,71,70,69,71,70,69,104,106,104,106
BALANCED_RR_H4_PM,heterogeneous_condition,103,10,210,0,0,0,0.0,0.0,0.000934,0.000934,0.000467,23.487794,0.391463,8.75,0.167075,0.180952,33,36,38,35,35,33,33,36,38,35,35,33,69,73,68,69,73,68,106,104,106,104
BALANCED_RR_H4_PM,heterogeneous_condition,103,11,210,0,0,0,0.0,0.0,0.000168,0.000168,8.4e-05,23.64008,0.394001,8.75,0.167528,0.185714,32,37,36,39,33,33,32,37,36,39,33,33,69,75,66,69,75,66,101,109,101,109
BALANCED_RR_H4_PM,heterogeneous_condition,103,12,210,0,0,0,0.0,0.0,0.000377,0.000377,0.000188,23.220894,0.387015,8.75,0.167619,0.185714,32,33,33,39,38,35,32,33,33,39,38,35,65,72,73,65,72,73,103,107,103,107
BALANCED_RR_H4_PM,heterogeneous_condition,103,13,210,0,0,0,0.0,0.0,0.003296,0.003296,0.001648,23.073856,0.384564,8.75,0.167891,0.185714,34,31,39,34,39,33,34,31,39,34,39,33,65,73,72,65,73,72,112,98,112,98
BALANCED_RR_H4_PM,heterogeneous_condition,103,14,210,0,0,0,0.0,3e-06,0.000526,0.00053,0.000265,23.827969,0.397133,8.75,0.167982,0.185714,36,37,39,35,29,34,36,37,39,35,29,34,73,74,63,73,74,63,104,106,104,106
BALANCED_RR_H4_PM,heterogeneous_condition,103,15,210,0,0,0,0.0,0.0,0.00229,0.00229,0.001145,23.441046,0.390684,8.75,0.167302,0.180952,38,34,36,31,36,35,38,34,36,31,36,35,72,67,71,72,67,71,110,100,110,100
BALANCED_RR_H4_PM,heterogeneous_condition,103,16,210,0,0,0,0.0,0.0,0.000526,0.000526,0.000263,23.384004,0.389733,8.75,0.167347,0.17619,37,32,32,37,35,37,37,32,32,37,35,37,69,69,72,69,69,72,104,106,104,106
BALANCED_RR_H4_PM,heterogeneous_condition,103,17,210,0,0,0,0.0,0.0,0.0012,0.0012,0.0006,23.232026,0.3872,8.75,0.167347,0.180952,35,31,35,38,37,34,35,31,35,38,37,34,66,73,71,66,73,71,107,103,107,103
BALANCED_RR_H4_PM,heterogeneous_condition,103,18,210,0,0,0,0.0,0.0,0.000377,0.000377,0.000188,23.20318,0.38672,8.75,0.16907,0.2,37,32,29,33,37,42,37,32,29,33,37,42,69,62,79,69,62,79,103,107,103,107
BALANCED_RR_H4_PM,heterogeneous_condition,103,19,210,0,0,0,0.0,0.0,0.0012,0.0012,0.0006,23.599752,0.393329,8.75,0.167029,0.17619,35,37,37,33,35,33,35,37,37,33,35,33,72,70,68,72,70,68,107,103,107,103
BALANCED_RR_H4_PM,heterogeneous_condition,103,20,210,0,0,0,0.0,9.6e-05,0.002763,0.002859,0.00143,23.747645,0.395794,8.75,0.168118,0.185714,39,37,38,30,34,32,39,37,38,30,34,32,76,68,66,76,68,66,111,99,111,99
BALANCED_RR_H4_PM,heterogeneous_condition,103,21,210,0,0,0,0.0,4.5e-05,0.000102,0.000147,7.3e-05,23.829611,0.39716,8.75,0.167574,0.185714,36,39,32,34,32,37,36,39,32,34,32,37,75,66,69,75,66,69,100,110,100,110
BALANCED_RR_H4_PM,heterogeneous_condition,103,22,210,0,0,0,0.0,1.5e-05,0.000934,0.000949,0.000475,22.933673,0.382228,8.75,0.168707,0.190476,31,29,37,40,38,35,31,29,37,40,38,35,60,77,73,60,77,73,106,104,106,104
BALANCED_RR_H4_PM,heterogeneous_condition,103,23,210,0,0,0,0.0,0.0,0.000168,0.000168,8.4e-05,23.443048,0.390717,8.75,0.166984,0.17619,33,35,34,37,34,37,33,35,34,37,34,37,68,71,71,68,71,71,101,109,101,109
BALANCED_RR_H4_PM,heterogeneous_condition,103,24,210,0,0,0,0.0,1.6e-05,0.0012,0.001216,0.000608,23.556378,0.392606,8.75,0.167483,0.185714,39,35,32,32,36,36,39,35,32,32,36,36,74,64,72,74,64,72,107,103,107,103
BALANCED_RR_H4_PM,heterogeneous_condition,103,25,210,0,0,0,0.0,0.000177,0.0012,0.001377,0.000689,24.046479,0.400775,8.75,0.169116,0.190476,37,40,40,33,30,30,37,40,40,33,30,30,77,73,60,77,73,60,107,103,107,103
BALANCED_RR_H4_PM,heterogeneous_condition,103,26,210,0,0,0,0.0,0.0,0.0012,0.0012,0.0006,23.333092,0.388885,8.75,0.166848,0.17619,34,34,36,35,37,34,34,34,36,35,37,34,68,71,71,68,71,71,107,103,107,103
BALANCED_RR_H4_PM,heterogeneous_condition,103,27,210,0,0,0,0.0,3e-06,0.000934,0.000938,0.000469,23.536974,0.392283,8.75,0.167256,0.17619,37,36,34,31,35,37,37,36,34,31,35,37,73,65,72,73,65,72,106,104,106,104
BALANCED_RR_H4_PM,heterogeneous_condition,103,28,210,0,0,0,0.0,0.0,2.6e-05,2.6e-05,1.3e-05,23.440217,0.39067,8.75,0.167664,0.180952,30,37,34,37,34,38,30,37,34,37,34,38,67,71,72,67,71,72,98,112,98,112
BALANCED_RR_H4_PM,heterogeneous_condition,103,29,210,0,0,0,0.0,0.0,0.000168,0.000168,8.4e-05,23.674486,0.394575,8.75,0.167075,0.17619,35,37,34,35,32,37,35,37,34,35,32,37,72,69,69,72,69,69,101,109,101,109
BALANCED_RR_H4_PM,heterogeneous_condition,103,30,210,0,0,0,0.0,0.0,0.001874,0.001874,0.000937,23.559174,0.392653,8.75,0.16712,0.17619,36,36,37,33,36,32,36,36,37,33,36,32,72,70,68,72,70,68,109,101,109,101
H4_BALANCED_RR_GUARD,heterogeneous_condition,101,1,210,0,0,0,0.0,0.0,0.0,0.0,0.0,22.829822,0.380497,8.75,0.179229,0.242857,21,33,30,43,32,51,21,33,30,43,32,51,54,73,83,54,73,83,83,127,83,127
H4_BALANCED_RR_GUARD,heterogeneous_condition,101,2,210,0,0,0,0.0,0.0,0.0,0.0,0.0,23.048089,0.384135,8.75,0.175057,0.22381,22,36,31,41,33,47,22,36,31,41,33,47,58,72,80,58,72,80,86,124,86,124
H4_BALANCED_RR_GUARD,heterogeneous_condition,101,3,210,0,0,0,0.0,0.0,0.0,0.0,0.0,23.048089,0.384135,8.75,0.175057,0.22381,22,36,31,41,33,47,22,36,31,41,33,47,58,72,80,58,72,80,86,124,86,124
H4_BALANCED_RR_GUARD,heterogeneous_condition,101,4,210,0,0,0,0.0,0.000163,0.0,0.000163,8.1e-05,22.541176,0.375686,8.75,0.180408,0.228571,18,30,34,46,34,48,18,30,34,46,34,48,48,80,82,48,80,82,86,124,86,124
H4_BALANCED_RR_GUARD,heterogeneous_condition,101,5,210,0,0,0,0.0,7.1e-05,0.0,7.1e-05,3.5e-05,22.398258,0.373304,8.75,0.18458,0.266667,18,30,34,40,32,56,18,30,34,40,32,56,48,74,88,48,74,88,84,126,84,126
H4_BALANCED_RR_GUARD,heterogeneous_condition,101,6,210,0,0,0,0.0,7.1e-05,0.0,7.1e-05,3.5e-05,22.491304,0.374855,8.75,0.187075,0.266667,18,30,29,45,32,56,18,30,29,45,32,56,48,74,88,48,74,88,79,131,79,131
H4_BALANCED_RR_GUARD,heterogeneous_condition,101,7,210,0,0,0,0.0,0.0,0.0,0.0,0.0,22.998497,0.383308,8.75,0.1761,0.22381,21,36,30,42,34,47,21,36,30,42,34,47,57,72,81,57,72,81,85,125,85,125
H4_BALANCED_RR_GUARD,heterogeneous_condition,101,8,210,0,0,0,0.0,7.1e-05,0.0,7.1e-05,3.5e-05,22.491304,0.374855,8.75,0.187075,0.266667,18,30,29,45,32,56,18,30,29,45,32,56,48,74,88,48,74,88,79,131,79,131
H4_BALANCED_RR_GUARD,heterogeneous_condition,101,9,210,0,0,0,0.0,0.0,0.0,0.0,0.0,23.014628,0.383577,8.75,0.176735,0.228571,21,36,30,42,33,48,21,36,30,42,33,48,57,72,81,57,72,81,84,126,84,126
H4_BALANCED_RR_GUARD,heterogeneous_condition,101,10,210,0,0,0,0.0,0.0,0.0,0.0,0.0,23.057474,0.384291,8.75,0.177415,0.233333,21,36,31,42,31,49,21,36,31,42,31,49,57,73,80,57,73,80,83,127,83,127
H4_BALANCED_RR_GUARD,heterogeneous_condition,101,11,210,0,0,0,0.0,0.0,0.0,0.0,0.0,23.049368,0.384156,8.75,0.17805,0.233333,21,36,29,43,32,49,21,36,29,43,32,49,57,72,81,57,72,81,82,128,82,128
H4_BALANCED_RR_GUARD,heterogeneous_condition,101,12,210,0,0,0,0.0,0.0,0.0,0.0,0.0,23.041342,0.384022,8.75,0.176644,0.228571,21,36,31,42,32,48,21,36,31,42,32,48,57,73,80,57,73,80,84,126,84,126
H4_BALANCED_RR_GUARD,heterogeneous_condition,101,13,210,0,0,0,0.0,0.0,0.0,0.0,0.0,23.038865,0.383981,8.75,0.176961,0.233333,21,36,32,41,31,49,21,36,32,41,31,49,57,73,80,57,73,80,84,126,84,126
H4_BALANCED_RR_GUARD,heterogeneous_condition,101,14,210,0,0,0,0.0,7.1e-05,0.0,7.1e-05,3.5e-05,22.491304,0.374855,8.75,0.187075,0.266667,18,30,29,45,32,56,18,30,29,45,32,56,48,74,88,48,74,88,79,131,79,131
H4_BALANCED_RR_GUARD,heterogeneous_condition,101,15,210,0,0,0,0.0,0.0,0.0,0.0,0.0,23.081038,0.384684,8.75,0.177868,0.22381,21,36,28,45,33,47,21,36,28,45,33,47,57,73,80,57,73,80,82,128,82,128
H4_BALANCED_RR_GUARD,heterogeneous_condition,101,16,210,0,0,0,0.0,0.0,0.0,0.0,0.0,23.078561,0.384643,8.75,0.177823,0.228571,21,36,29,44,32,48,21,36,29,44,32,48,57,73,80,57,73,80,82,128,82,128
H4_BALANCED_RR_GUARD,heterogeneous_condition,101,17,210,0,0,0,0.0,0.0,0.0,0.0,0.0,23.062429,0.384374,8.75,0.177143,0.22381,21,36,29,44,33,47,21,36,29,44,33,47,57,73,80,57,73,80,83,127,83,127
H4_BALANCED_RR_GUARD,heterogeneous_condition,101,18,210,0,0,0,0.0,0.0,0.0,0.0,0.0,23.059952,0.384333,8.75,0.177188,0.228571,21,36,30,43,32,48,21,36,30,43,32,48,57,73,80,57,73,80,83,127,83,127
H4_BALANCED_RR_GUARD,heterogeneous_condition,101,19,210,0,0,0,0.0,8.9e-05,0.0,8.9e-05,4.4e-05,22.456135,0.374269,8.75,0.179456,0.233333,18,30,37,42,34,49,18,30,37,42,34,49,48,79,83,48,79,83,89,121,89,121
H4_BALANCED_RR_GUARD,heterogeneous_condition,101,20,210,0,0,0,0.0,0.000163,0.0,0.000163,8.1e-05,22.517611,0.375294,8.75,0.180635,0.238095,18,30,37,43,32,50,18,30,37,43,32,50,48,80,82,48,80,82,87,123,87,123
H4_BALANCED_RR_GUARD,heterogeneous_condition,101,21,210,0,0,0,0.0,0.0,0.0,0.0,0.0,23.051846,0.384197,8.75,0.178005,0.228571,21,36,28,44,33,48,21,36,28,44,33,48,57,72,81,57,72,81,82,128,82,128
H4_BALANCED_RR_GUARD,heterogeneous_condition,101,22,210,0,0,0,0.0,0.0,0.0,0.0,0.0,23.059952,0.384333,8.75,0.177188,0.228571,21,36,30,43,32,48,21,36,30,43,32,48,57,73,80,57,73,80,83,127,83,127
H4_BALANCED_RR_GUARD,heterogeneous_condition,101,23,210,0,0,0,0.0,0.0,0.0,0.0,0.0,23.081038,0.384684,8.75,0.177868,0.22381,21,36,28,45,33,47,21,36,28,45,33,47,57,73,80,57,73,80,82,128,82,128
H4_BALANCED_RR_GUARD,heterogeneous_condition,101,24,210,0,0,0,0.0,7.1e-05,0.0,7.1e-05,3.5e-05,22.362254,0.372704,8.75,0.18127,0.228571,18,30,29,45,40,48,18,30,29,45,40,48,48,74,88,48,74,88,87,123,87,123
H4_BALANCED_RR_GUARD,heterogeneous_condition,101,25,210,0,0,0,0.0,0.0,0.0,0.0,0.0,23.006602,0.383443,8.75,0.17551,0.22381,21,36,32,41,33,47,21,36,32,41,33,47,57,73,80,57,73,80,86,124,86,124
H4_BALANCED_RR_GUARD,heterogeneous_condition,101,26,210,0,0,0,0.0,0.000163,0.0,0.000163,8.1e-05,22.573438,0.376224,8.75,0.181859,0.238095,18,30,34,46,32,50,18,30,34,46,32,50,48,80,82,48,80,82,84,126,84,126
H4_BALANCED_RR_GUARD,heterogeneous_condition,101,27,210,0,0,0,0.0,8.9e-05,0.0,8.9e-05,4.4e-05,22.472266,0.374538,8.75,0.180181,0.238095,18,30,37,42,33,50,18,30,37,42,33,50,48,79,83,48,79,83,88,122,88,122
H4_BALANCED_RR_GUARD,heterogeneous_condition,101,28,210,0,0,0,0.0,0.0,0.0,0.0,0.0,23.033237,0.383887,8.75,0.177324,0.228571,21,36,29,43,33,48,21,36,29,43,33,48,57,72,81,57,72,81,83,127,83,127
H4_BALANCED_RR_GUARD,heterogeneous_condition,101,29,210,0,0,0,0.0,7.1e-05,0.0,7.1e-05,3.5e-05,22.491304,0.374855,8.75,0.187075,0.266667,18,30,29,45,32,56,18,30,29,45,32,56,48,74,88,48,74,88,79,131,79,131
H4_BALANCED_RR_GUARD,heterogeneous_condition,101,30,210,0,0,0,0.0,0.0,0.0,0.0,0.0,23.038865,0.383981,8.75,0.176961,0.233333,21,36,32,41,31,49,21,36,32,41,31,49,57,73,80,57,73,80,84,126,84,126
H4_BALANCED_RR_GUARD,heterogeneous_condition,102,1,210,0,0,0,0.0,0.0,0.0,0.0,0.0,23.025012,0.38375,8.75,0.178413,0.228571,22,34,28,46,32,48,22,34,28,46,32,48,56,74,80,56,74,80,82,128,82,128
H4_BALANCED_RR_GUARD,heterogeneous_condition,102,2,210,0,0,0,0.0,4.1e-05,0.0,4.1e-05,2.1e-05,22.522248,0.375371,8.75,0.179184,0.233333,18,31,36,42,34,49,18,31,36,42,34,49,49,78,83,49,78,83,88,122,88,122
H4_BALANCED_RR_GUARD,heterogeneous_condition,102,3,210,0,0,0,0.0,0.000163,0.0,0.000163,8.1e-05,22.559785,0.375996,8.75,0.180998,0.228571,18,30,33,47,34,48,18,30,33,47,34,48,48,80,82,48,80,82,85,125,85,125
H4_BALANCED_RR_GUARD,heterogeneous_condition,102,4,210,0,0,0,0.0,0.0,0.0,0.0,0.0,23.017106,0.383618,8.75,0.176689,0.22381,21,36,29,43,34,47,21,36,29,43,34,47,57,72,81,57,72,81,84,126,84,126
H4_BALANCED_RR_GUARD,heterogeneous_condition,102,5,210,0,0,0,0.0,8.9e-05,0.0,8.9e-05,4.4e-05,22.621139,0.377019,8.75,0.184898,0.238095,18,30,29,50,33,50,18,30,29,50,33,50,48,79,83,48,79,83,80,130,80,130
H4_BALANCED_RR_GUARD,heterogeneous_condition,102,6,210,0,0,0,0.0,7.1e-05,0.0,7.1e-05,3.5e-05,22.306427,0.371774,8.75,0.179501,0.228571,18,30,32,42,40,48,18,30,32,42,40,48,48,74,88,48,74,88,90,120,90,120
H4_BALANCED_RR_GUARD,heterogeneous_condition,102,7,210,0,0,0,0.0,0.0,0.0,0.0,0.0,23.070455,0.384508,8.75,0.178776,0.228571,21,36,27,45,33,48,21,36,27,45,33,48,57,72,81,57,72,81,81,129,81,129
H4_BALANCED_RR_GUARD,heterogeneous_condition,102,8,210,0,0,0,0.0,7.1e-05,0.0,7.1e-05,3.5e-05,22.343645,0.372394,8.75,0.18059,0.228571,18,30,30,44,40,48,18,30,30,44,40,48,48,74,88,48,74,88,88,122,88,122
H4_BALANCED_RR_GUARD,heterogeneous_condition,102,9,210,0,0,0,0.0,8.9e-05,0.0,8.9e-05,4.4e-05,22.605007,0.37675,8.75,0.184172,0.238095,18,30,29,50,34,49,18,30,29,50,34,49,48,79,83,48,79,83,81,129,81,129
H4_BALANCED_RR_GUARD,heterogeneous_condition,102,10,210,0,0,0,0.0,7.1e-05,0.0,7.1e-05,3.5e-05,22.472695,0.374545,8.75,0.186395,0.266667,18,30,30,44,32,56,18,30,30,44,32,56,48,74,88,48,74,88,80,130,80,130
H4_BALANCED_RR_GUARD,heterogeneous_condition,102,11,210,0,0,0,0.0,7.1e-05,0.0,7.1e-05,3.5e-05,22.343645,0.372394,8.75,0.18059,0.228571,18,30,30,44,40,48,18,30,30,44,40,48,48,74,88,48,74,88,88,122,88,122
H4_BALANCED_RR_GUARD,heterogeneous_condition,102,12,210,0,0,0,0.0,0.0,0.0,0.0,0.0,23.081038,0.384684,8.75,0.177868,0.22381,21,36,28,45,33,47,21,36,28,45,33,47,57,73,80,57,73,80,82,128,82,128
H4_BALANCED_RR_GUARD,heterogeneous_condition,102,13,210,0,0,0,0.0,0.0,0.0,0.0,0.0,23.030759,0.383846,8.75,0.17746,0.233333,21,36,30,42,32,49,21,36,30,42,32,49,57,72,81,57,72,81,83,127,83,127
H4_BALANCED_RR_GUARD,heterogeneous_condition,102,14,210,0,0,0,0.0,0.0,0.0,0.0,0.0,23.094692,0.384912,8.75,0.178594,0.233333,21,36,29,44,31,49,21,36,29,44,31,49,57,73,80,57,73,80,81,129,81,129
H4_BALANCED_RR_GUARD,heterogeneous_condition,102,15,210,0,0,0,0.0,0.0,0.0,0.0,0.0,22.996019,0.383267,8.75,0.176236,0.228571,21,36,31,41,33,48,21,36,31,41,33,48,57,72,81,57,72,81,85,125,85,125
H4_BALANCED_RR_GUARD,heterogeneous_condition,102,16,210,0,0,0,0.0,0.0,0.0,0.0,0.0,23.038865,0.383981,8.75,0.176961,0.233333,21,36,32,41,31,49,21,36,32,41,31,49,57,73,80,57,73,80,84,126,84,126
H4_BALANCED_RR_GUARD,heterogeneous_condition,102,17,210,0,0,0,0.0,0.0,0.0,0.0,0.0,23.038865,0.383981,8.75,0.176961,0.233333,21,36,32,41,31,49,21,36,32,41,31,49,57,73,80,57,73,80,84,126,84,126
H4_BALANCED_RR_GUARD,heterogeneous_condition,102,18,210,0,0,0,0.0,7.1e-05,0.0,7.1e-05,3.5e-05,22.491304,0.374855,8.75,0.187075,0.266667,18,30,29,45,32,56,18,30,29,45,32,56,48,74,88,48,74,88,79,131,79,131
H4_BALANCED_RR_GUARD,heterogeneous_condition,102,19,210,0,0,0,0.0,7.1e-05,0.0,7.1e-05,3.5e-05,22.435477,0.373925,8.75,0.185306,0.266667,18,30,32,42,32,56,18,30,32,42,32,56,48,74,88,48,74,88,82,128,82,128
H4_BALANCED_RR_GUARD,heterogeneous_condition,102,20,210,0,0,0,0.0,8.9e-05,0.0,8.9e-05,4.4e-05,22.456135,0.374269,8.75,0.179456,0.233333,18,30,37,42,34,49,18,30,37,42,34,49,48,79,83,48,79,83,89,121,89,121
H4_BALANCED_RR_GUARD,heterogeneous_condition,102,21,210,0,0,0,0.0,0.0,0.0,0.0,0.0,23.006602,0.383443,8.75,0.17551,0.22381,21,36,32,41,33,47,21,36,32,41,33,47,57,73,80,57,73,80,86,124,86,124
H4_BALANCED_RR_GUARD,heterogeneous_condition,102,22,210,0,0,0,0.0,0.0,0.0,0.0,0.0,23.006602,0.383443,8.75,0.17551,0.22381,21,36,32,41,33,47,21,36,32,41,33,47,57,73,80,57,73,80,86,124,86,124
H4_BALANCED_RR_GUARD,heterogeneous_condition,102,23,210,0,0,0,0.0,0.0,0.0,0.0,0.0,23.081038,0.384684,8.75,0.177868,0.22381,21,36,28,45,33,47,21,36,28,45,33,47,57,73,80,57,73,80,82,128,82,128
H4_BALANCED_RR_GUARD,heterogeneous_condition,102,24,210,0,0,0,0.0,0.0,0.0,0.0,0.0,23.113301,0.385222,8.75,0.17932,0.233333,21,36,28,45,31,49,21,36,28,45,31,49,57,73,80,57,73,80,80,130,80,130
H4_BALANCED_RR_GUARD,heterogeneous_condition,102,25,210,0,0,0,0.0,0.0,0.0,0.0,0.0,23.025211,0.383754,8.75,0.175964,0.22381,21,36,31,42,33,47,21,36,31,42,33,47,57,73,80,57,73,80,85,125,85,125
H4_BALANCED_RR_GUARD,heterogeneous_condition,102,26,210,0,0,0,0.0,0.0,0.0,0.0,0.0,23.081038,0.384684,8.75,0.177868,0.22381,21,36,28,45,33,47,21,36,28,45,33,47,57,73,80,57,73,80,82,128,82,128
H4_BALANCED_RR_GUARD,heterogeneous_condition,102,27,210,0,0,0,0.0,0.0,0.0,0.0,0.0,23.09717,0.384953,8.75,0.178549,0.228571,21,36,28,45,32,48,21,36,28,45,32,48,57,73,80,57,73,80,81,129,81,129
H4_BALANCED_RR_GUARD,heterogeneous_condition,102,28,210,0,0,0,0.0,0.000163,0.0,0.000163,8.1e-05,22.541176,0.375686,8.75,0.180408,0.228571,18,30,34,46,34,48,18,30,34,46,34,48,48,80,82,48,80,82,86,124,86,124
H4_BALANCED_RR_GUARD,heterogeneous_condition,102,29,210,0,0,0,0.0,0.000163,0.0,0.000163,8.1e-05,22.557307,0.375955,8.75,0.181088,0.233333,18,30,34,46,33,49,18,30,34,46,33,49,48,80,82,48,80,82,85,125,85,125
H4_BALANCED_RR_GUARD,heterogeneous_condition,102,30,210,0,0,0,0.0,0.0,0.0,0.0,0.0,23.038865,0.383981,8.75,0.176961,0.233333,21,36,32,41,31,49,21,36,32,41,31,49,57,73,80,57,73,80,84,126,84,126
H4_BALANCED_RR_GUARD,heterogeneous_condition,103,1,210,0,0,0,0.0,8.9e-05,0.0,8.9e-05,4.4e-05,22.519585,0.375326,8.75,0.181587,0.242857,19,29,34,45,32,51,19,29,34,45,32,51,48,79,83,48,79,83,85,125,85,125
H4_BALANCED_RR_GUARD,heterogeneous_condition,103,2,210,0,0,0,0.0,4.1e-05,0.0,4.1e-05,2.1e-05,22.522248,0.375371,8.75,0.179184,0.233333,18,31,36,42,34,49,18,31,36,42,34,49,49,78,83,49,78,83,88,122,88,122
H4_BALANCED_RR_GUARD,heterogeneous_condition,103,3,210,0,0,0,0.0,0.000163,0.0,0.000163,8.1e-05,22.541176,0.375686,8.75,0.180408,0.228571,18,30,34,46,34,48,18,30,34,46,34,48,48,80,82,48,80,82,86,124,86,124
H4_BALANCED_RR_GUARD,heterogeneous_condition,103,4,210,0,0,0,0.0,0.0,0.0,0.0,0.0,23.017106,0.383618,8.75,0.176689,0.22381,21,36,29,43,34,47,21,36,29,43,34,47,57,72,81,57,72,81,84,126,84,126
H4_BALANCED_RR_GUARD,heterogeneous_condition,103,5,210,0,0,0,0.0,0.0,0.0,0.0,0.0,23.041342,0.384022,8.75,0.176644,0.228571,21,36,31,42,32,48,21,36,31,42,32,48,57,73,80,57,73,80,84,126,84,126
H4_BALANCED_RR_GUARD,heterogeneous_condition,103,6,210,0,0,0,0.0,0.000163,0.0,0.000163,8.1e-05,22.592047,0.376534,8.75,0.182449,0.238095,18,30,33,47,32,50,18,30,33,47,32,50,48,80,82,48,80,82,83,127,83,127
H4_BALANCED_RR_GUARD,heterogeneous_condition,103,7,210,0,0,0,0.0,0.0,0.0,0.0,0.0,23.030759,0.383846,8.75,0.17746,0.233333,21,36,30,42,32,49,21,36,30,42,32,49,57,72,81,57,72,81,83,127,83,127
H4_BALANCED_RR_GUARD,heterogeneous_condition,103,8,210,0,0,0,0.0,7.1e-05,0.0,7.1e-05,3.5e-05,22.325036,0.372084,8.75,0.18,0.228571,18,30,31,43,40,48,18,30,31,43,40,48,48,74,88,48,74,88,89,121,89,121
H4_BALANCED_RR_GUARD,heterogeneous_condition,103,9,210,0,0,0,0.0,0.0,0.0,0.0,0.0,23.059952,0.384333,8.75,0.177188,0.228571,21,36,30,43,32,48,21,36,30,43,32,48,57,73,80,57,73,80,83,127,83,127
H4_BALANCED_RR_GUARD,heterogeneous_condition,103,10,210,0,0,0,0.0,0.0,0.0,0.0,0.0,23.0655,0.384425,8.75,0.178866,0.238095,21,36,29,43,31,50,21,36,29,43,31,50,57,72,81,57,72,81,81,129,81,129
H4_BALANCED_RR_GUARD,heterogeneous_condition,103,11,210,0,0,0,0.0,0.0,0.0,0.0,0.0,23.070455,0.384508,8.75,0.178776,0.228571,21,36,27,45,33,48,21,36,27,45,33,48,57,72,81,57,72,81,81,129,81,129
H4_BALANCED_RR_GUARD,heterogeneous_condition,103,12,210,0,0,0,0.0,0.0,0.0,0.0,0.0,23.038865,0.383981,8.75,0.176961,0.233333,21,36,32,41,31,49,21,36,32,41,31,49,57,73,80,57,73,80,84,126,84,126
H4_BALANCED_RR_GUARD,heterogeneous_condition,103,13,210,0,0,0,0.0,7.1e-05,0.0,7.1e-05,3.5e-05,22.454086,0.374235,8.75,0.185805,0.266667,18,30,31,43,32,56,18,30,31,43,32,56,48,74,88,48,74,88,81,129,81,129
H4_BALANCED_RR_GUARD,heterogeneous_condition,103,14,210,0,0,0,0.0,7.1e-05,0.0,7.1e-05,3.5e-05,22.472695,0.374545,8.75,0.186395,0.266667,18,30,30,44,32,56,18,30,30,44,32,56,48,74,88,48,74,88,80,130,80,130
H4_BALANCED_RR_GUARD,heterogeneous_condition,103,15,210,0,0,0,0.0,0.0,0.0,0.0,0.0,23.113301,0.385222,8.75,0.17932,0.233333,21,36,28,45,31,49,21,36,28,45,31,49,57,73,80,57,73,80,80,130,80,130
H4_BALANCED_RR_GUARD,heterogeneous_condition,103,16,210,0,0,0,0.0,0.0,0.0,0.0,0.0,23.094692,0.384912,8.75,0.178594,0.233333,21,36,29,44,31,49,21,36,29,44,31,49,57,73,80,57,73,80,81,129,81,129
H4_BALANCED_RR_GUARD,heterogeneous_condition,103,17,210,0,0,0,0.0,0.0,0.0,0.0,0.0,23.033237,0.383887,8.75,0.177324,0.228571,21,36,29,43,33,48,21,36,29,43,33,48,57,72,81,57,72,81,83,127,83,127
H4_BALANCED_RR_GUARD,heterogeneous_condition,103,18,210,0,0,0,0.0,0.0,0.0,0.0,0.0,23.041342,0.384022,8.75,0.176644,0.228571,21,36,31,42,32,48,21,36,31,42,32,48,57,73,80,57,73,80,84,126,84,126
H4_BALANCED_RR_GUARD,heterogeneous_condition,103,19,210,0,0,0,0.0,0.0,0.0,0.0,0.0,23.038865,0.383981,8.75,0.176961,0.233333,21,36,32,41,31,49,21,36,32,41,31,49,57,73,80,57,73,80,84,126,84,126
H4_BALANCED_RR_GUARD,heterogeneous_condition,103,20,210,0,0,0,0.0,0.0,0.0,0.0,0.0,23.014628,0.383577,8.75,0.176735,0.228571,21,36,30,42,33,48,21,36,30,42,33,48,57,72,81,57,72,81,84,126,84,126
H4_BALANCED_RR_GUARD,heterogeneous_condition,103,21,210,0,0,0,0.0,7.1e-05,0.0,7.1e-05,3.5e-05,22.362254,0.372704,8.75,0.18127,0.228571,18,30,29,45,40,48,18,30,29,45,40,48,48,74,88,48,74,88,87,123,87,123
H4_BALANCED_RR_GUARD,heterogeneous_condition,103,22,210,0,0,0,0.0,0.0,0.0,0.0,0.0,23.038865,0.383981,8.75,0.176961,0.233333,21,36,32,41,31,49,21,36,32,41,31,49,57,73,80,57,73,80,84,126,84,126
H4_BALANCED_RR_GUARD,heterogeneous_condition,103,23,210,0,0,0,0.0,0.0,0.0,0.0,0.0,23.067977,0.384466,8.75,0.17873,0.233333,21,36,28,44,32,49,21,36,28,44,32,49,57,72,81,57,72,81,81,129,81,129
H4_BALANCED_RR_GUARD,heterogeneous_condition,103,24,210,0,0,0,0.0,0.0,0.0,0.0,0.0,23.006602,0.383443,8.75,0.17551,0.22381,21,36,32,41,33,47,21,36,32,41,33,47,57,73,80,57,73,80,86,124,86,124
H4_BALANCED_RR_GUARD,heterogeneous_condition,103,25,210,0,0,0,0.0,0.000163,0.0,0.000163,8.1e-05,22.50148,0.375025,8.75,0.179864,0.233333,18,30,37,43,33,49,18,30,37,43,33,49,48,80,82,48,80,82,88,122,88,122
H4_BALANCED_RR_GUARD,heterogeneous_condition,103,26,210,0,0,0,0.0,0.0,0.0,0.0,0.0,23.081038,0.384684,8.75,0.177868,0.22381,21,36,28,45,33,47,21,36,28,45,33,47,57,73,80,57,73,80,82,128,82,128
H4_BALANCED_RR_GUARD,heterogeneous_condition,103,27,210,0,0,0,0.0,7.1e-05,0.0,7.1e-05,3.5e-05,22.475172,0.374586,8.75,0.186032,0.261905,18,30,29,45,33,55,18,30,29,45,33,55,48,74,88,48,74,88,80,130,80,130
H4_BALANCED_RR_GUARD,heterogeneous_condition,103,28,210,0,0,0,0.0,7.1e-05,0.0,7.1e-05,3.5e-05,22.380863,0.373014,8.75,0.182041,0.228571,18,30,28,46,40,48,18,30,28,46,40,48,48,74,88,48,74,88,86,124,86,124
H4_BALANCED_RR_GUARD,heterogeneous_condition,103,29,210,0,0,0,0.0,0.0,0.0,0.0,0.0,22.97741,0.382957,8.75,0.175828,0.228571,21,36,32,40,33,48,21,36,32,40,33,48,57,72,81,57,72,81,86,124,86,124
H4_BALANCED_RR_GUARD,heterogeneous_condition,103,30,210,0,0,0,0.0,0.0,0.0,0.0,0.0,23.113301,0.385222,8.75,0.17932,0.233333,21,36,28,45,31,49,21,36,28,45,31,49,57,73,80,57,73,80,80,130,80,130
