policy_id,regime,seed,days,total_demand,completed_loads,unmet_demand,demand_fulfillment_rate,total_tco,total_tco_report_value,pm_cost,cm_cost,downtime_cost,degradation_cost,unmet_demand_cost,pm_count,cm_count,failure_count,total_downtime_hours,avg_truck_hi,avg_tire_hi,avg_engine_hi,avg_brake_hi,availability_rate,route_a_loads,route_b_loads,route_c_loads
H0,heterogeneous_condition,101,365,76650,76650,0,1.0,22294.848529,22294848.529,8582.5,0.0,13060.8,651.548529,0.0,3129,0,0,10884,0.719566,0.761394,0.743451,0.787002,0.96458,28470,25550,22630
H0,heterogeneous_condition,102,365,76650,76650,0,1.0,22263.756932,22263756.932,8730.0,19.2,12854.4,660.156932,0.0,3198,2,2,10712,0.708259,0.724324,0.733661,0.776387,0.965699,28471,25549,22630
H0,heterogeneous_condition,103,365,76650,76650,0,1.0,28439.327297,28439327.297,11046.0,0.0,16580.4,812.927297,0.0,3862,0,0,13817,0.693632,0.705121,0.75089,0.747059,0.954543,28470,25550,22630
H0,heterogeneous_condition,104,365,76650,76650,0,1.0,24287.56861,24287568.61,9357.0,19.2,14194.8,716.56861,0.0,3469,2,2,11829,0.708821,0.719413,0.776209,0.761303,0.961826,28471,25549,22630
H0,heterogeneous_condition,105,365,76650,76650,0,1.0,25385.81105,25385811.05,9804.0,9.6,14836.8,735.41105,0.0,3522,1,1,12364,0.730083,0.750962,0.767216,0.755507,0.959626,28470,25550,22630
H0,heterogeneous_condition,106,365,76650,76650,0,1.0,23491.912428,23491912.428,9068.0,0.0,13761.6,662.312428,0.0,3102,0,0,11468,0.705004,0.734074,0.770799,0.743378,0.96179,28470,25550,22630
H0,heterogeneous_condition,107,365,76650,76650,0,1.0,24924.700549,24924700.549,9652.0,0.0,14534.4,738.300549,0.0,3587,0,0,12112,0.702491,0.726323,0.781899,0.741162,0.961064,28470,25550,22630
H0,heterogeneous_condition,108,365,76650,76650,0,1.0,30061.690868,30061690.868,11511.0,9.6,17682.0,859.090868,0.0,4089,1,1,14735,0.71091,0.74509,0.748876,0.773533,0.951384,28470,25550,22630
H0,heterogeneous_condition,109,365,76650,76650,0,1.0,21990.871699,21990871.699,8528.0,0.0,12807.6,655.271699,0.0,3189,0,0,10673,0.718179,0.752591,0.754527,0.787025,0.965822,28470,25550,22630
H0,heterogeneous_condition,110,365,76650,76650,0,1.0,30784.792551,30784792.551,11949.5,9.6,17943.6,882.092551,0.0,4208,1,1,14953,0.702902,0.717202,0.757266,0.756141,0.950932,28470,25550,22630
H0,heterogeneous_condition,111,365,76650,76650,0,1.0,19497.221401,19497221.401,7483.0,0.0,11454.0,560.221401,0.0,2650,0,0,9545,0.72117,0.745455,0.777856,0.779219,0.968511,28470,25550,22630
H0,heterogeneous_condition,112,365,76650,76650,0,1.0,23307.375051,23307375.051,8903.0,9.6,13724.4,670.375051,0.0,3187,1,1,11437,0.720905,0.743048,0.776883,0.763613,0.962329,28471,25549,22630
H0,heterogeneous_condition,113,365,76650,76650,0,1.0,24969.472029,24969472.029,9591.0,0.0,14668.8,709.672029,0.0,3351,0,0,12224,0.699561,0.718581,0.768006,0.779372,0.959475,28470,25550,22630
H0,heterogeneous_condition,114,365,76650,76650,0,1.0,21959.133493,21959133.493,8417.0,0.0,12900.0,642.133493,0.0,3084,0,0,10750,0.71403,0.749327,0.753766,0.793639,0.964986,28470,25550,22630
H0,heterogeneous_condition,115,365,76650,76650,0,1.0,22173.510167,22173510.167,8463.0,0.0,13074.0,636.510167,0.0,3017,0,0,10895,0.713061,0.74626,0.775592,0.760317,0.964018,28470,25550,22630
H0,heterogeneous_condition,116,365,76650,76650,0,1.0,23246.732073,23246732.073,8925.5,9.6,13644.0,667.632073,0.0,3172,1,1,11370,0.715386,0.745935,0.782299,0.756851,0.962571,28470,25550,22630
H0,heterogeneous_condition,117,365,76650,76650,0,1.0,22583.077678,22583077.678,8666.5,0.0,13268.4,648.177678,0.0,3076,0,0,11057,0.732222,0.761298,0.769083,0.770963,0.963548,28470,25550,22630
H0,heterogeneous_condition,118,365,76650,76650,0,1.0,23249.554187,23249554.187,8976.0,9.6,13576.8,687.154187,0.0,3329,1,1,11314,0.711527,0.73614,0.749224,0.794639,0.963539,28470,25550,22630
H0,heterogeneous_condition,119,365,76650,76650,0,1.0,24800.649902,24800649.902,9471.0,0.0,14634.0,695.649902,0.0,3253,0,0,12195,0.724579,0.754159,0.757636,0.769694,0.959164,28470,25550,22630
H0,heterogeneous_condition,120,365,76650,76650,0,1.0,22989.285836,22989285.836,8846.0,9.6,13472.4,661.285836,0.0,3144,1,1,11227,0.719339,0.756704,0.765244,0.772365,0.963087,28471,25549,22630
H0,heterogeneous_condition,121,365,76650,76650,0,1.0,25108.203505,25108203.505,9698.0,9.6,14668.8,731.803505,0.0,3520,1,1,12224,0.724618,0.748614,0.763618,0.773431,0.960256,28470,25550,22630
H0,heterogeneous_condition,122,365,76650,76650,0,1.0,22131.717727,22131717.727,8535.0,9.6,12942.0,645.117727,0.0,3090,1,1,10785,0.719067,0.744978,0.760029,0.764632,0.964858,28470,25550,22630
H0,heterogeneous_condition,123,365,76650,76650,0,1.0,24622.410284,24622410.284,9468.5,0.0,14455.2,698.710284,0.0,3293,0,0,12046,0.715522,0.739069,0.743822,0.778327,0.960032,28470,25550,22630
H0,heterogeneous_condition,124,365,76650,76650,0,1.0,25199.925227,25199925.227,9693.0,0.0,14770.8,736.125227,0.0,3543,0,0,12309,0.694621,0.700814,0.761627,0.793136,0.959963,28470,25550,22630
H0,heterogeneous_condition,125,365,76650,76650,0,1.0,21920.924215,21920924.215,8453.5,0.0,12836.4,631.024215,0.0,3001,0,0,10697,0.734298,0.777578,0.758566,0.785983,0.964849,28470,25550,22630
H0,heterogeneous_condition,126,365,76650,76650,0,1.0,21108.289666,21108289.666,8077.0,0.0,12421.2,610.089666,0.0,2904,0,0,10351,0.742937,0.755978,0.769633,0.776531,0.965991,28470,25550,22630
H0,heterogeneous_condition,127,365,76650,76650,0,1.0,23821.433866,23821433.866,9205.5,0.0,13939.2,676.733866,0.0,3191,0,0,11616,0.722752,0.750124,0.754755,0.764299,0.96153,28470,25550,22630
H0,heterogeneous_condition,128,365,76650,76650,0,1.0,22947.914772,22947914.772,8759.5,0.0,13522.8,665.614772,0.0,3179,0,0,11269,0.721222,0.750828,0.752539,0.763606,0.963059,28470,25550,22630
H0,heterogeneous_condition,129,365,76650,76650,0,1.0,24654.731013,24654731.013,9506.5,0.0,14426.4,721.831013,0.0,3479,0,0,12022,0.712095,0.739273,0.751786,0.77749,0.960991,28470,25550,22630
H0,heterogeneous_condition,130,365,76650,76650,0,1.0,23766.621236,23766621.236,9208.5,0.0,13856.4,701.721236,0.0,3401,0,0,11547,0.710094,0.734925,0.764127,0.787644,0.962795,28470,25550,22630
H1,heterogeneous_condition,101,365,76650,76650,0,1.0,21892.120676,21892120.676,8511.5,0.0,12728.4,652.220676,0.0,3037,0,0,10607,0.320837,0.347122,0.4208,0.42662,0.965429,32120,27375,17155
H1,heterogeneous_condition,102,365,76650,76650,0,1.0,20032.32085,20032320.85,7770.5,0.0,11668.8,593.02085,0.0,2738,0,0,9724,0.333139,0.362798,0.42448,0.484638,0.9681,32120,27375,17155
H1,heterogeneous_condition,103,365,76650,76650,0,1.0,23080.867663,23080867.663,8941.5,0.0,13459.2,680.167663,0.0,3156,0,0,11216,0.330833,0.35092,0.42691,0.446509,0.963187,32120,27375,17155
H1,heterogeneous_condition,104,365,76650,76650,0,1.0,21366.916787,21366916.787,8149.0,0.0,12585.6,632.316787,0.0,2927,0,0,10488,0.332904,0.361645,0.441597,0.440381,0.965466,32120,27375,17155
H1,heterogeneous_condition,105,365,76650,76650,0,1.0,23303.267338,23303267.338,9036.0,0.0,13576.8,690.467338,0.0,3218,0,0,11314,0.337753,0.383983,0.397196,0.442598,0.963027,32120,27375,17155
H1,heterogeneous_condition,106,365,76650,76650,0,1.0,23211.767096,23211767.096,8967.5,0.0,13564.8,679.467096,0.0,3141,0,0,11304,0.319806,0.335771,0.442597,0.461255,0.962717,32120,27375,17155
H1,heterogeneous_condition,107,365,76650,76650,0,1.0,21797.591946,21797591.946,8499.5,0.0,12640.8,657.291946,0.0,3091,0,0,10534,0.331703,0.358701,0.408332,0.47051,0.966005,32120,27375,17155
H1,heterogeneous_condition,108,365,76650,76650,0,1.0,25628.398368,25628398.368,9814.0,0.0,15060.0,754.398368,0.0,3523,0,0,12550,0.340241,0.389914,0.433965,0.423895,0.958772,32120,27375,17155
H1,heterogeneous_condition,109,365,76650,76650,0,1.0,19909.947389,19909947.389,7676.0,0.0,11635.2,598.747389,0.0,2790,0,0,9696,0.346526,0.377997,0.426347,0.433048,0.968457,32120,27375,17155
H1,heterogeneous_condition,110,365,76650,76650,0,1.0,26824.276443,26824276.443,10328.5,0.0,15704.4,791.376443,0.0,3707,0,0,13087,0.333283,0.362946,0.39976,0.437102,0.957169,32120,27375,17155
H1,heterogeneous_condition,111,365,76650,76650,0,1.0,20189.576221,20189576.221,7751.5,0.0,11840.4,597.676221,0.0,2759,0,0,9867,0.361912,0.398006,0.429342,0.44879,0.967534,32120,27375,17155
H1,heterogeneous_condition,112,365,76650,76650,0,1.0,22738.305432,22738305.432,8756.5,0.0,13310.4,671.405432,0.0,3120,0,0,11092,0.329669,0.372615,0.433707,0.451182,0.963589,32120,27375,17155
H1,heterogeneous_condition,113,365,76650,76650,0,1.0,22003.281603,22003281.603,8465.5,0.0,12891.6,646.181603,0.0,2979,0,0,10743,0.314594,0.346248,0.437089,0.433234,0.964539,32120,27375,17155
H1,heterogeneous_condition,114,365,76650,76650,0,1.0,22269.276086,22269276.086,8584.5,0.0,13021.2,663.576086,0.0,3099,0,0,10851,0.338144,0.354275,0.443517,0.443675,0.964594,32120,27375,17155
H1,heterogeneous_condition,115,365,76650,76650,0,1.0,20929.053126,20929053.126,8027.0,0.0,12273.6,628.453126,0.0,2938,0,0,10228,0.338018,0.395416,0.426034,0.436899,0.966708,32120,27375,17155
H1,heterogeneous_condition,116,365,76650,76650,0,1.0,22135.379784,22135379.784,8560.5,0.0,12918.0,656.879784,0.0,3059,0,0,10765,0.324063,0.348528,0.444702,0.457972,0.964804,32120,27375,17155
H1,heterogeneous_condition,117,365,76650,76650,0,1.0,21182.09778,21182097.78,8175.5,0.0,12369.6,636.99778,0.0,2981,0,0,10308,0.333246,0.376474,0.404419,0.455195,0.966534,32120,27373,17157
H1,heterogeneous_condition,118,365,76650,76650,0,1.0,25974.153754,25974153.754,10007.5,9.6,15201.6,755.453754,0.0,3501,1,1,12668,0.327753,0.356409,0.452989,0.432757,0.958137,32120,27375,17155
H1,heterogeneous_condition,119,365,76650,76650,0,1.0,21577.293346,21577293.346,8257.5,0.0,12692.4,627.393346,0.0,2869,0,0,10577,0.363524,0.400193,0.432101,0.425148,0.964795,32120,27375,17155
H1,heterogeneous_condition,120,365,76650,76650,0,1.0,22614.770913,22614770.913,8663.0,0.0,13279.2,672.570913,0.0,3141,0,0,11066,0.34225,0.368121,0.434216,0.459217,0.963813,32120,27375,17155
H1,heterogeneous_condition,121,365,76650,76650,0,1.0,23847.81617,23847816.17,9187.0,0.0,13954.8,706.01617,0.0,3296,0,0,11629,0.34024,0.394386,0.407298,0.450537,0.961945,32120,27375,17155
H1,heterogeneous_condition,122,365,76650,76650,0,1.0,22581.763077,22581763.077,8651.0,9.6,13251.6,669.563077,0.0,3106,1,1,11043,0.323467,0.331827,0.412342,0.406483,0.963763,32120,27375,17155
H1,heterogeneous_condition,123,365,76650,76650,0,1.0,23477.319085,23477319.085,9041.5,0.0,13742.4,693.419085,0.0,3226,0,0,11452,0.346428,0.382889,0.427956,0.415045,0.962434,32120,27375,17155
H1,heterogeneous_condition,124,365,76650,76650,0,1.0,23892.404412,23892404.412,9222.5,0.0,13965.6,704.304412,0.0,3281,0,0,11638,0.341386,0.385519,0.451438,0.418856,0.961836,32120,27375,17155
H1,heterogeneous_condition,125,365,76650,76650,0,1.0,22308.146776,22308146.776,8572.0,0.0,13087.2,648.946776,0.0,2974,0,0,10906,0.346049,0.375918,0.410994,0.449291,0.963772,32120,27375,17155
H1,heterogeneous_condition,126,365,76650,76650,0,1.0,21074.87234,21074872.34,8157.5,0.0,12289.2,628.17234,0.0,2928,0,0,10241,0.344004,0.380153,0.446867,0.456227,0.966603,32120,27375,17155
H1,heterogeneous_condition,127,365,76650,76650,0,1.0,21569.277989,21569277.989,8327.5,0.0,12607.2,634.577989,0.0,2929,0,0,10506,0.340692,0.364661,0.43286,0.446437,0.965402,32120,27375,17155
H1,heterogeneous_condition,128,365,76650,76650,0,1.0,20580.964396,20580964.396,7867.0,0.0,12105.6,608.364396,0.0,2805,0,0,10088,0.347529,0.376482,0.434341,0.423851,0.966744,32120,27375,17155
H1,heterogeneous_condition,129,365,76650,76650,0,1.0,22642.275777,22642275.777,8709.5,0.0,13249.2,683.575777,0.0,3223,0,0,11041,0.334448,0.361354,0.422503,0.44015,0.964297,32120,27375,17155
H1,heterogeneous_condition,130,365,76650,76650,0,1.0,21284.721023,21284721.023,8238.0,0.0,12412.8,633.921023,0.0,2951,0,0,10344,0.333405,0.364215,0.420838,0.475302,0.966233,32120,27375,17155
H2,heterogeneous_condition,101,365,76650,76650,0,1.0,21750.136236,21750136.236,8446.0,9.6,12646.8,647.736236,0.0,3015,1,1,10539,0.339971,0.374623,0.406185,0.435151,0.965648,32120,27360,17170
H2,heterogeneous_condition,102,365,76650,76650,0,1.0,19945.010643,19945010.643,7739.0,0.0,11613.6,592.410643,0.0,2738,0,0,9678,0.341029,0.373168,0.440785,0.427938,0.968311,32120,27365,17165
H2,heterogeneous_condition,103,365,76650,76650,0,1.0,23053.22873,23053228.73,8926.0,9.6,13437.6,680.02873,0.0,3158,1,1,11198,0.345465,0.380633,0.4067,0.45029,0.963288,32120,27363,17167
H2,heterogeneous_condition,104,365,76650,76650,0,1.0,21297.849138,21297849.138,8126.5,0.0,12538.8,632.549138,0.0,2934,0,0,10449,0.323039,0.352704,0.442154,0.432932,0.965676,32120,27372,17158
H2,heterogeneous_condition,105,365,76650,76650,0,1.0,23345.05146,23345051.46,9058.0,0.0,13596.0,691.05146,0.0,3223,0,0,11330,0.351111,0.381487,0.433991,0.431009,0.962973,32120,27363,17167
H2,heterogeneous_condition,106,365,76650,76650,0,1.0,23208.887567,23208887.567,8967.0,0.0,13561.2,680.687567,0.0,3149,0,0,11301,0.316864,0.334474,0.429598,0.459636,0.962767,32120,27373,17157
H2,heterogeneous_condition,107,365,76650,76650,0,1.0,21923.679278,21923679.278,8541.0,0.0,12721.2,661.479278,0.0,3118,0,0,10601,0.341468,0.371288,0.426695,0.468049,0.965831,32120,27365,17165
H2,heterogeneous_condition,108,365,76650,76650,0,1.0,25760.880456,25760880.456,9873.0,0.0,15129.6,758.280456,0.0,3543,0,0,12608,0.331202,0.379697,0.432266,0.442868,0.958598,32120,27373,17157
H2,heterogeneous_condition,109,365,76650,76650,0,1.0,20196.352412,20196352.412,7786.0,0.0,11803.2,607.152412,0.0,2836,0,0,9836,0.329616,0.369416,0.421626,0.481825,0.968027,32120,27360,17170
H2,heterogeneous_condition,110,365,76650,76650,0,1.0,26920.051511,26920051.511,10360.0,0.0,15765.6,794.451511,0.0,3718,0,0,13138,0.315729,0.336383,0.408734,0.409935,0.956982,32120,27369,17161
H2,heterogeneous_condition,111,365,76650,76650,0,1.0,20241.714551,20241714.551,7766.5,0.0,11876.4,598.814551,0.0,2761,0,0,9897,0.336953,0.359327,0.438149,0.448058,0.967406,32120,27362,17168
H2,heterogeneous_condition,112,365,76650,76650,0,1.0,22702.898692,22702898.692,8751.0,0.0,13281.6,670.298692,0.0,3116,0,0,11068,0.325416,0.356874,0.45357,0.451599,0.96368,32120,27360,17170
H2,heterogeneous_condition,113,365,76650,76650,0,1.0,22113.416463,22113416.463,8510.5,0.0,12952.8,650.116463,0.0,2999,0,0,10794,0.331392,0.361861,0.406971,0.444723,0.964402,32120,27360,17170
H2,heterogeneous_condition,114,365,76650,76650,0,1.0,22307.163978,22307163.978,8602.0,0.0,13039.2,665.963978,0.0,3107,0,0,10866,0.324648,0.374929,0.415019,0.400602,0.964562,32120,27360,17170
H2,heterogeneous_condition,115,365,76650,76650,0,1.0,21042.783097,21042783.097,8076.5,0.0,12334.8,631.483097,0.0,2954,0,0,10279,0.335855,0.382445,0.437159,0.44921,0.966548,32120,27367,17163
H2,heterogeneous_condition,116,365,76650,76650,0,1.0,21988.061082,21988061.082,8502.5,0.0,12832.8,652.761082,0.0,3036,0,0,10694,0.334289,0.361875,0.430266,0.436344,0.965032,32120,27374,17156
H2,heterogeneous_condition,117,365,76650,76650,0,1.0,21065.227352,21065227.352,8121.0,0.0,12310.8,633.427352,0.0,2966,0,0,10259,0.341054,0.393449,0.422331,0.440862,0.966689,32120,27360,17170
H2,heterogeneous_condition,118,365,76650,76650,0,1.0,25865.298843,25865298.843,9975.0,0.0,15136.8,753.498843,0.0,3493,0,0,12614,0.33363,0.358994,0.403111,0.477101,0.958342,32120,27365,17165
H2,heterogeneous_condition,119,365,76650,76650,0,1.0,21986.781432,21986781.432,8407.0,0.0,12939.6,640.181432,0.0,2932,0,0,10783,0.337944,0.352365,0.410807,0.470525,0.964142,32120,27365,17165
H2,heterogeneous_condition,120,365,76650,76650,0,1.0,22629.060362,22629060.362,8675.5,0.0,13279.2,674.360362,0.0,3155,0,0,11066,0.347644,0.399644,0.424116,0.453118,0.963872,32120,27362,17168
H2,heterogeneous_condition,121,365,76650,76650,0,1.0,23708.553796,23708553.796,9131.5,0.0,13875.6,701.453796,0.0,3270,0,0,11563,0.321373,0.363345,0.420028,0.443922,0.962123,32120,27367,17163
H2,heterogeneous_condition,122,365,76650,76650,0,1.0,22781.022362,22781022.362,8738.5,0.0,13368.0,674.522362,0.0,3130,0,0,11140,0.320515,0.375653,0.39479,0.412079,0.96342,32120,27365,17165
H2,heterogeneous_condition,123,365,76650,76650,0,1.0,23631.942802,23631942.802,9093.0,0.0,13842.0,696.942802,0.0,3246,0,0,11535,0.358705,0.388751,0.446178,0.432949,0.962146,32120,27360,17170
H2,heterogeneous_condition,124,365,76650,76650,0,1.0,24182.67543,24182675.43,9340.5,0.0,14130.0,712.17543,0.0,3319,0,0,11775,0.332493,0.368746,0.453439,0.444764,0.961379,32120,27360,17170
H2,heterogeneous_condition,125,365,76650,76650,0,1.0,22366.012537,22366012.537,8591.0,0.0,13125.6,649.412537,0.0,2976,0,0,10938,0.341036,0.377348,0.441079,0.440268,0.963635,32120,27369,17161
H2,heterogeneous_condition,126,365,76650,76650,0,1.0,21353.231181,21353231.181,8268.0,0.0,12450.0,635.231181,0.0,2957,0,0,10375,0.358123,0.405037,0.424038,0.448673,0.966123,32120,27363,17167
H2,heterogeneous_condition,127,365,76650,76650,0,1.0,21848.955524,21848955.524,8441.0,0.0,12766.8,641.155524,0.0,2960,0,0,10639,0.33968,0.382153,0.448387,0.439656,0.964936,32120,27366,17164
H2,heterogeneous_condition,128,365,76650,76650,0,1.0,20286.4587,20286458.7,7757.0,0.0,11929.2,600.2587,0.0,2766,0,0,9941,0.332857,0.370575,0.414579,0.45117,0.967233,32120,27368,17162
H2,heterogeneous_condition,129,365,76650,76650,0,1.0,22621.841746,22621841.746,8706.5,0.0,13231.2,684.141746,0.0,3231,0,0,11026,0.329862,0.370634,0.419618,0.448198,0.964402,32120,27366,17164
H2,heterogeneous_condition,130,365,76650,76650,0,1.0,20985.169508,20985169.508,8113.0,0.0,12246.0,626.169508,0.0,2914,0,0,10205,0.323374,0.367469,0.4214,0.453942,0.966699,32120,27360,17170
H3,heterogeneous_condition,101,365,76650,76650,0,1.0,22190.870957,22190870.957,8543.0,0.0,13002.0,645.870957,0.0,3092,0,0,10835,0.721457,0.734855,0.760908,0.778679,0.964644,32120,21900,22630
H3,heterogeneous_condition,102,365,76650,76650,0,1.0,22014.884929,22014884.929,8636.0,0.0,12729.6,649.284929,0.0,3140,0,0,10608,0.724684,0.749687,0.775133,0.760755,0.96589,32120,21900,22630
H3,heterogeneous_condition,103,365,76650,76650,0,1.0,28290.96669,28290966.69,10946.5,28.8,16509.6,806.06669,0.0,3826,3,3,13758,0.703664,0.713056,0.767781,0.786966,0.954653,32120,21900,22630
H3,heterogeneous_condition,104,365,76650,76650,0,1.0,24014.774682,24014774.682,9259.0,9.6,14036.4,709.774682,0.0,3443,1,1,11697,0.720645,0.730266,0.782287,0.774083,0.962306,32120,21900,22630
H3,heterogeneous_condition,105,365,76650,76650,0,1.0,25410.506202,25410506.202,9819.5,0.0,14857.2,733.806202,0.0,3508,0,0,12381,0.713701,0.737984,0.773786,0.764218,0.959479,32120,21900,22630
H3,heterogeneous_condition,106,365,76650,76650,0,1.0,23542.183174,23542183.174,9079.5,0.0,13798.8,663.883174,0.0,3113,0,0,11499,0.716848,0.751812,0.747514,0.779259,0.961703,32120,21900,22630
H3,heterogeneous_condition,107,365,76650,76650,0,1.0,24491.044809,24491044.809,9465.5,19.2,14282.4,723.944809,0.0,3511,2,2,11902,0.700672,0.709242,0.768379,0.782806,0.961689,32120,21900,22630
H3,heterogeneous_condition,108,365,76650,76650,0,1.0,30104.574946,30104574.946,11505.0,28.8,17710.8,859.974946,0.0,4086,3,3,14759,0.697072,0.717801,0.745094,0.752378,0.951279,32120,21900,22630
H3,heterogeneous_condition,109,365,76650,76650,0,1.0,21871.016403,21871016.403,8474.5,0.0,12745.2,651.316403,0.0,3168,0,0,10621,0.731573,0.751031,0.776838,0.758597,0.965959,32120,21900,22630
H3,heterogeneous_condition,110,365,76650,76650,0,1.0,30348.070083,30348070.083,11789.5,19.2,17671.2,868.170083,0.0,4139,2,2,14726,0.722308,0.734648,0.763373,0.763957,0.951658,32120,21900,22630
H3,heterogeneous_condition,111,365,76650,76650,0,1.0,19769.667492,19769667.492,7587.5,0.0,11614.8,567.367492,0.0,2682,0,0,9679,0.72811,0.763868,0.773445,0.770684,0.968041,32120,21900,22630
H3,heterogeneous_condition,112,365,76650,76650,0,1.0,22152.79612,22152796.12,8451.0,0.0,13065.6,636.19612,0.0,3016,0,0,10888,0.709488,0.7182,0.771627,0.786589,0.96405,32120,21900,22630
H3,heterogeneous_condition,113,365,76650,76650,0,1.0,24987.778473,24987778.473,9568.0,19.2,14690.4,710.178473,0.0,3350,2,2,12242,0.712773,0.728155,0.750256,0.771631,0.959406,32120,21900,22630
H3,heterogeneous_condition,114,365,76650,76650,0,1.0,21911.699857,21911699.857,8394.5,0.0,12878.4,638.799857,0.0,3063,0,0,10732,0.735959,0.752732,0.768913,0.788849,0.964973,32120,21900,22630
H3,heterogeneous_condition,115,365,76650,76650,0,1.0,22156.35184,22156351.84,8456.5,0.0,13064.4,635.45184,0.0,3012,0,0,10887,0.721283,0.735673,0.782472,0.77852,0.964032,32120,21900,22630
H3,heterogeneous_condition,116,365,76650,76650,0,1.0,22838.988489,22838988.489,8781.5,0.0,13402.8,654.688489,0.0,3101,0,0,11169,0.710904,0.751659,0.748166,0.76783,0.963151,32120,21900,22630
H3,heterogeneous_condition,117,365,76650,76650,0,1.0,22168.843925,22168843.925,8488.0,9.6,13035.6,635.643925,0.0,3009,1,1,10863,0.704657,0.740993,0.754378,0.778739,0.964132,32120,21900,22630
H3,heterogeneous_condition,118,365,76650,76650,0,1.0,22898.789054,22898789.054,8846.5,0.0,13375.2,677.089054,0.0,3275,0,0,11146,0.700817,0.723028,0.741458,0.771596,0.964059,32120,21900,22630
H3,heterogeneous_condition,119,365,76650,76650,0,1.0,24191.36135,24191361.35,9243.0,0.0,14268.0,680.36135,0.0,3182,0,0,11890,0.707567,0.736589,0.769112,0.743603,0.960228,32120,21900,22630
H3,heterogeneous_condition,120,365,76650,76650,0,1.0,22952.374675,22952374.675,8827.5,0.0,13466.4,658.474675,0.0,3125,0,0,11222,0.715309,0.729814,0.77117,0.783617,0.963023,32120,21900,22630
H3,heterogeneous_condition,121,365,76650,76650,0,1.0,25025.461012,25025461.012,9657.5,0.0,14640.0,727.961012,0.0,3498,0,0,12200,0.725573,0.754564,0.7595,0.789795,0.960256,32120,21900,22630
H3,heterogeneous_condition,122,365,76650,76650,0,1.0,21717.861525,21717861.525,8385.0,0.0,12700.8,632.061525,0.0,3024,0,0,10584,0.706855,0.72361,0.775147,0.768693,0.965475,32120,21900,22630
H3,heterogeneous_condition,123,365,76650,76650,0,1.0,24630.014207,24630014.207,9473.5,0.0,14460.0,696.514207,0.0,3278,0,0,12050,0.71328,0.722837,0.764797,0.798626,0.959936,32120,21900,22630
H3,heterogeneous_condition,124,365,76650,76650,0,1.0,24651.28591,24651285.91,9465.0,0.0,14467.2,719.08591,0.0,3457,0,0,12056,0.717545,0.742219,0.761173,0.770526,0.960726,32120,21900,22630
H3,heterogeneous_condition,125,365,76650,76650,0,1.0,21564.095444,21564095.444,8291.0,19.2,12636.0,617.895444,0.0,2923,2,2,10530,0.725951,0.747916,0.77553,0.753001,0.965269,32120,21900,22630
H3,heterogeneous_condition,126,365,76650,76650,0,1.0,21147.46978,21147469.78,8074.0,0.0,12463.2,610.26978,0.0,2895,0,0,10386,0.713137,0.726517,0.74936,0.771104,0.965795,32120,21900,22630
H3,heterogeneous_condition,127,365,76650,76650,0,1.0,23437.603155,23437603.155,9045.0,0.0,13726.8,665.803155,0.0,3141,0,0,11439,0.723847,0.730783,0.776002,0.780135,0.96211,32120,21900,22630
H3,heterogeneous_condition,128,365,76650,76650,0,1.0,22923.650096,22923650.096,8750.5,0.0,13508.4,664.750096,0.0,3176,0,0,11257,0.714933,0.747547,0.750703,0.787434,0.963096,32120,21900,22630
H3,heterogeneous_condition,129,365,76650,76650,0,1.0,24352.484493,24352484.493,9388.5,0.0,14251.2,712.784493,0.0,3433,0,0,11876,0.710022,0.730728,0.756305,0.778687,0.961438,32120,21900,22630
H3,heterogeneous_condition,130,365,76650,76650,0,1.0,23311.590929,23311590.929,9022.0,0.0,13600.8,688.790929,0.0,3337,0,0,11334,0.727026,0.743911,0.751596,0.789217,0.963475,32120,21900,22630
H4,heterogeneous_condition,101,365,76650,76650,0,1.0,22224.958712,22224958.712,8567.0,0.0,13009.2,648.758712,0.0,3108,0,0,10841,0.694676,0.712738,0.74363,0.786963,0.96468,29565,26280,20805
H4,heterogeneous_condition,102,365,76650,76650,0,1.0,22066.98712,22066987.12,8663.5,0.0,12751.2,652.28712,0.0,3160,0,0,10626,0.726486,0.739295,0.761772,0.787083,0.965904,29565,26280,20805
H4,heterogeneous_condition,103,365,76650,76650,0,1.0,28290.072535,28290072.535,10981.0,0.0,16500.0,809.072535,0.0,3850,0,0,13750,0.698193,0.712034,0.765241,0.772815,0.954785,29565,26280,20805
H4,heterogeneous_condition,104,365,76650,76650,0,1.0,24084.470071,24084470.071,9287.0,19.2,14065.2,713.070071,0.0,3462,2,2,11721,0.728617,0.740486,0.752856,0.795116,0.962288,29565,26279,20806
H4,heterogeneous_condition,105,365,76650,76650,0,1.0,25441.218403,25441218.403,9841.5,0.0,14863.2,736.518403,0.0,3526,0,0,12386,0.721372,0.733122,0.775751,0.754504,0.959534,29565,26280,20805
H4,heterogeneous_condition,106,365,76650,76650,0,1.0,23589.698514,23589698.514,9107.0,0.0,13816.8,665.898514,0.0,3130,0,0,11514,0.723882,0.758898,0.769823,0.787254,0.961708,29565,26280,20805
H4,heterogeneous_condition,107,365,76650,76650,0,1.0,24542.936298,24542936.298,9507.0,9.6,14299.2,727.136298,0.0,3536,1,1,11916,0.733925,0.746648,0.765053,0.780303,0.961735,29568,26280,20802
H4,heterogeneous_condition,108,365,76650,76650,0,1.0,30167.856954,30167856.954,11552.0,19.2,17733.6,863.056954,0.0,4110,2,2,14778,0.705086,0.729395,0.76472,0.756414,0.951288,29568,26279,20803
H4,heterogeneous_condition,109,365,76650,76650,0,1.0,21949.582506,21949582.506,8514.5,0.0,12780.0,655.082506,0.0,3191,0,0,10650,0.714144,0.750479,0.771586,0.760319,0.965936,29565,26280,20805
H4,heterogeneous_condition,110,365,76650,76650,0,1.0,30448.771629,30448771.629,11809.5,48.0,17719.2,872.071629,0.0,4157,5,5,14766,0.699521,0.722086,0.750609,0.756674,0.95158,29577,26279,20794
H4,heterogeneous_condition,111,365,76650,76650,0,1.0,19774.65834,19774658.34,7593.0,0.0,11612.4,569.25834,0.0,2692,0,0,9677,0.705879,0.741262,0.734766,0.794037,0.968096,29565,26280,20805
H4,heterogeneous_condition,112,365,76650,76650,0,1.0,22174.66204,22174662.04,8468.5,0.0,13068.0,638.16204,0.0,3029,0,0,10890,0.722488,0.730599,0.762655,0.779159,0.9641,29565,26280,20805
H4,heterogeneous_condition,113,365,76650,76650,0,1.0,25005.64658,25005646.58,9605.5,0.0,14688.0,712.14658,0.0,3370,0,0,12240,0.721372,0.733556,0.780091,0.77281,0.959489,29565,26280,20805
H4,heterogeneous_condition,114,365,76650,76650,0,1.0,21931.72724,21931727.24,8408.5,0.0,12882.0,641.22724,0.0,3076,0,0,10735,0.711722,0.733655,0.754604,0.777667,0.965018,29565,26280,20805
H4,heterogeneous_condition,115,365,76650,76650,0,1.0,22150.704779,22150704.779,8464.0,0.0,13050.0,636.704779,0.0,3023,0,0,10875,0.737136,0.759412,0.76623,0.782532,0.964137,29565,26280,20805
H4,heterogeneous_condition,116,365,76650,76650,0,1.0,22866.877471,22866877.471,8799.0,0.0,13411.2,656.677471,0.0,3114,0,0,11176,0.708844,0.741231,0.749979,0.763504,0.963183,29565,26280,20805
H4,heterogeneous_condition,117,365,76650,76650,0,1.0,22206.413201,22206413.201,8520.0,0.0,13048.8,637.613201,0.0,3028,0,0,10874,0.733065,0.766366,0.770408,0.783605,0.964164,29565,26280,20805
H4,heterogeneous_condition,118,365,76650,76650,0,1.0,22985.803571,22985803.571,8893.0,0.0,13412.4,680.403571,0.0,3300,0,0,11177,0.715231,0.732489,0.777125,0.770521,0.964027,29565,26280,20805
H4,heterogeneous_condition,119,365,76650,76650,0,1.0,24188.082906,24188082.906,9248.0,0.0,14258.4,681.682906,0.0,3193,0,0,11882,0.705706,0.73931,0.736351,0.780913,0.96032,29565,26280,20805
H4,heterogeneous_condition,120,365,76650,76650,0,1.0,23009.65948,23009659.48,8860.0,0.0,13488.0,661.65948,0.0,3144,0,0,11240,0.710009,0.724041,0.777451,0.768733,0.963023,29565,26280,20805
H4,heterogeneous_condition,121,365,76650,76650,0,1.0,25062.444157,25062444.157,9683.5,0.0,14648.4,730.544157,0.0,3515,0,0,12207,0.725693,0.74205,0.768948,0.781417,0.960301,29565,26280,20805
H4,heterogeneous_condition,122,365,76650,76650,0,1.0,21743.849359,21743849.359,8404.0,0.0,12705.6,634.249359,0.0,3039,0,0,10588,0.717446,0.724352,0.756972,0.79012,0.965525,29565,26280,20805
H4,heterogeneous_condition,123,365,76650,76650,0,1.0,24643.673589,24643673.589,9487.5,0.0,14457.6,698.573589,0.0,3292,0,0,12048,0.709769,0.73254,0.764604,0.776506,0.960009,29565,26280,20805
H4,heterogeneous_condition,124,365,76650,76650,0,1.0,24688.943339,24688943.339,9492.0,0.0,14475.6,721.343339,0.0,3475,0,0,12063,0.72711,0.746382,0.770454,0.782186,0.960776,29565,26280,20805
H4,heterogeneous_condition,125,365,76650,76650,0,1.0,21575.471092,21575471.092,8322.0,0.0,12633.6,619.871092,0.0,2943,0,0,10528,0.737545,0.756176,0.781766,0.772425,0.965356,29565,26280,20805
H4,heterogeneous_condition,126,365,76650,76650,0,1.0,21191.104521,21191104.521,8101.0,0.0,12477.6,612.504521,0.0,2912,0,0,10398,0.726864,0.744116,0.760877,0.767765,0.965808,29565,26280,20805
H4,heterogeneous_condition,127,365,76650,76650,0,1.0,23465.085898,23465085.898,9066.5,0.0,13730.4,668.185898,0.0,3156,0,0,11442,0.702446,0.728104,0.771767,0.774497,0.962155,29565,26280,20805
H4,heterogeneous_condition,128,365,76650,76650,0,1.0,22966.601865,22966601.865,8776.5,0.0,13522.8,667.301865,0.0,3192,0,0,11269,0.708972,0.726144,0.759999,0.786424,0.96311,29565,26280,20805
H4,heterogeneous_condition,129,365,76650,76650,0,1.0,24451.073188,24451073.188,9436.5,0.0,14298.0,716.573188,0.0,3459,0,0,11915,0.737352,0.755266,0.765956,0.777458,0.961384,29565,26280,20805
H4,heterogeneous_condition,130,365,76650,76650,0,1.0,23379.502914,23379502.914,9059.0,0.0,13628.4,692.102914,0.0,3358,0,0,11357,0.708418,0.715278,0.775362,0.782258,0.963466,29565,26280,20805
H0,high_stress,101,365,76650,76650,0,1.0,32696.46896,32696468.96,11173.0,52.0,20625.8,845.66896,0.0,4060,5,5,15866,0.694521,0.720187,0.730794,0.763188,0.946105,28473,25547,22630
H0,high_stress,102,365,76650,76650,0,1.0,33710.89238,33710892.38,11576.5,20.8,21245.9,867.69238,0.0,4144,2,2,16343,0.695583,0.714733,0.73814,0.768711,0.944297,28472,25548,22630
H0,high_stress,103,365,76650,76646,4,0.999948,39791.47462,39791474.62,12445.5,1704.3,24668.8,964.87462,8.0,4308,160,160,18976,0.600174,0.616847,0.675992,0.67133,0.933744,28510,25506,22630
H0,high_stress,104,365,76650,76650,0,1.0,34249.995067,34249995.067,11709.0,31.2,21621.6,888.195067,0.0,4285,3,3,16632,0.683893,0.70475,0.749363,0.752553,0.943626,28473,25547,22630
H0,high_stress,105,365,76650,76650,0,1.0,34335.537664,34335537.664,11785.0,62.4,21606.0,882.137664,0.0,4208,6,6,16620,0.688101,0.702138,0.735563,0.736956,0.943342,28472,25548,22630
H0,high_stress,106,365,76650,76650,0,1.0,34073.295541,34073295.541,11796.0,31.2,21379.8,866.295541,0.0,4089,3,3,16446,0.698591,0.722614,0.756121,0.747291,0.94358,28472,25548,22630
H0,high_stress,107,365,76650,76650,0,1.0,34909.844671,34909844.671,11910.0,94.9,22002.5,902.444671,0.0,4344,9,9,16925,0.68659,0.729123,0.741698,0.717155,0.942584,28473,25547,22630
H0,high_stress,108,365,76650,76647,3,0.999961,41028.81883,41028818.83,12339.0,2269.8,25426.7,987.31883,6.0,4367,211,211,19559,0.605623,0.6574,0.639365,0.672091,0.93158,28503,25514,22630
H0,high_stress,109,365,76650,76650,0,1.0,32300.576447,32300576.447,11060.5,10.4,20390.5,839.176447,0.0,4060,1,1,15685,0.714326,0.734192,0.755321,0.756649,0.946913,28471,25549,22630
H0,high_stress,110,365,76650,76643,7,0.999909,43825.762185,43825762.185,12457.0,3432.0,26907.4,1015.362185,14.0,4288,319,319,20698,0.595227,0.639873,0.629685,0.64138,0.926516,28498,25515,22630
H0,high_stress,111,365,76650,76650,0,1.0,30368.666373,30368666.373,10461.0,0.0,19126.9,780.766373,0.0,3716,0,0,14713,0.717819,0.762752,0.760334,0.739837,0.949776,28470,25550,22630
H0,high_stress,112,365,76650,76650,0,1.0,33338.831501,33338831.501,11457.5,20.8,21005.4,855.131501,0.0,4062,2,2,16158,0.705533,0.734725,0.740153,0.765091,0.944767,28472,25548,22630
H0,high_stress,113,365,76650,76650,0,1.0,33882.307395,33882307.395,11594.5,41.6,21370.7,875.507395,0.0,4202,4,4,16439,0.704978,0.74014,0.719982,0.755081,0.944132,28473,25547,22630
H0,high_stress,114,365,76650,76650,0,1.0,32160.779376,32160779.376,11012.5,10.4,20304.7,833.179376,0.0,4007,1,1,15619,0.702562,0.721665,0.751315,0.759567,0.946977,28470,25550,22630
H0,high_stress,115,365,76650,76650,0,1.0,32574.494442,32574494.442,11193.5,0.0,20542.6,838.394442,0.0,3999,0,0,15802,0.714639,0.717601,0.772493,0.763046,0.946096,28470,25550,22630
H0,high_stress,116,365,76650,76650,0,1.0,32814.847357,32814847.357,11277.0,10.4,20681.7,845.747357,0.0,4047,1,1,15909,0.710288,0.734003,0.75277,0.747146,0.945831,28470,25550,22630
H0,high_stress,117,365,76650,76650,0,1.0,33447.328746,33447328.746,11507.0,0.0,21078.2,862.128746,0.0,4132,0,0,16214,0.709941,0.734325,0.745782,0.76577,0.944822,28470,25550,22630
H0,high_stress,118,365,76650,76649,1,0.999987,34259.191413,34259191.413,11717.0,74.1,21581.3,884.791413,2.0,4253,7,7,16601,0.663415,0.690314,0.755306,0.730237,0.943639,28471,25548,22630
H0,high_stress,119,365,76650,76650,0,1.0,34615.011591,34615011.591,11916.0,52.0,21764.6,882.411591,0.0,4163,5,5,16742,0.699926,0.722583,0.755579,0.731302,0.942575,28470,25550,22630
H0,high_stress,120,365,76650,76650,0,1.0,33091.163684,33091163.684,11385.0,20.8,20835.1,850.263684,0.0,4057,2,2,16027,0.714877,0.741412,0.755924,0.738013,0.945347,28472,25548,22630
H0,high_stress,121,365,76650,76649,1,0.999987,35238.872155,35238872.155,12038.0,104.0,22187.1,907.772155,2.0,4351,10,10,17067,0.679513,0.723965,0.721337,0.728103,0.941973,28472,25547,22630
H0,high_stress,122,365,76650,76650,0,1.0,32736.562946,32736562.946,11234.5,41.6,20618.0,842.462946,0.0,4023,4,4,15860,0.690699,0.706236,0.744636,0.755759,0.945959,28470,25550,22630
H0,high_stress,123,365,76650,76650,0,1.0,34524.345816,34524345.816,11903.0,31.2,21707.4,882.745816,0.0,4190,3,3,16698,0.695887,0.699562,0.751646,0.765782,0.94289,28472,25548,22630
H0,high_stress,124,365,76650,76649,1,0.999987,35501.283857,35501283.857,12119.5,83.2,22380.8,915.783857,2.0,4387,8,8,17216,0.695001,0.717847,0.712338,0.74542,0.941447,28475,25544,22630
H0,high_stress,125,365,76650,76650,0,1.0,32563.159664,32563159.664,11199.5,41.6,20486.7,835.359664,0.0,3979,4,4,15759,0.70749,0.755688,0.727299,0.770217,0.946219,28473,25547,22630
H0,high_stress,126,365,76650,76650,0,1.0,32293.145743,32293145.743,10983.5,20.8,20443.8,845.045743,0.0,4116,2,2,15726,0.702991,0.728933,0.752021,0.765478,0.946986,28471,25549,22630
H0,high_stress,127,365,76650,76650,0,1.0,34071.241853,34071241.853,11777.5,31.2,21392.8,869.741853,0.0,4123,3,3,16456,0.676686,0.701995,0.74454,0.75316,0.943689,28471,25549,22630
H0,high_stress,128,365,76650,76650,0,1.0,31928.084491,31928084.491,10970.0,10.4,20125.3,822.384491,0.0,3926,1,1,15481,0.709817,0.728739,0.760086,0.739304,0.947237,28471,25549,22630
H0,high_stress,129,365,76650,76650,0,1.0,34941.579304,34941579.304,11934.0,72.8,22032.4,902.379304,0.0,4332,7,7,16948,0.68747,0.706775,0.729751,0.756066,0.942416,28476,25544,22630
H0,high_stress,130,365,76650,76650,0,1.0,34185.892842,34185892.842,11703.0,41.6,21556.6,884.692842,0.0,4263,4,4,16582,0.694393,0.72523,0.744518,0.731094,0.943763,28470,25550,22630
H1,high_stress,101,365,76650,76650,0,1.0,31135.530392,31135530.392,10703.0,0.0,19615.7,816.830392,0.0,3801,0,0,15089,0.321908,0.342024,0.405566,0.426865,0.948447,32120,27375,17155
H1,high_stress,102,365,76650,76650,0,1.0,30596.576797,30596576.797,10468.0,0.0,19318.0,810.576797,0.0,3820,0,0,14860,0.314366,0.34923,0.418175,0.413622,0.94958,32120,27375,17155
H1,high_stress,103,365,76650,76650,0,1.0,33176.949685,33176949.685,11457.0,0.0,20852.0,867.949685,0.0,4069,0,0,16040,0.327407,0.371124,0.405422,0.418855,0.945329,32120,27375,17155
H1,high_stress,104,365,76650,76650,0,1.0,31208.054446,31208054.446,10730.0,0.0,19658.6,819.454446,0.0,3828,0,0,15122,0.30626,0.35819,0.425094,0.41142,0.94842,32120,27375,17155
H1,high_stress,105,365,76650,76650,0,1.0,33190.959134,33190959.134,11446.5,10.4,20865.0,869.059134,0.0,4079,1,1,16050,0.3091,0.356453,0.391733,0.449703,0.945333,32120,27375,17155
H1,high_stress,106,365,76650,76650,0,1.0,33308.567763,33308567.763,11493.5,10.4,20935.2,869.467763,0.0,4066,1,1,16104,0.310338,0.354362,0.423057,0.431438,0.945027,32120,27375,17155
H1,high_stress,107,365,76650,76650,0,1.0,32005.30692,32005306.92,11023.0,0.0,20139.6,842.70692,0.0,3979,0,0,15492,0.312542,0.356814,0.40909,0.433407,0.947425,32120,27375,17155
H1,high_stress,108,365,76650,76650,0,1.0,34492.273036,34492273.036,11822.5,20.8,21741.2,907.773036,0.0,4284,2,2,16724,0.305275,0.350644,0.367086,0.43948,0.943196,32120,27375,17155
H1,high_stress,109,365,76650,76650,0,1.0,30825.526432,30825526.432,10580.5,0.0,19431.1,813.926432,0.0,3835,0,0,14947,0.317392,0.334662,0.415575,0.450919,0.949256,32120,27375,17155
H1,high_stress,110,365,76650,76649,1,0.999987,37830.762138,37830762.138,12093.0,1188.2,23592.4,955.162138,2.0,4284,112,112,18148,0.200295,0.241475,0.318092,0.317506,0.937196,32120,27375,17154
H1,high_stress,111,365,76650,76650,0,1.0,30889.18379,30889183.79,10630.0,0.0,19448.0,811.18379,0.0,3793,0,0,14960,0.333311,0.381336,0.405291,0.426579,0.949,32120,27375,17155
H1,high_stress,112,365,76650,76650,0,1.0,32687.165278,32687165.278,11253.0,10.4,20567.3,856.465278,0.0,4008,1,1,15821,0.310718,0.337397,0.423368,0.409327,0.946055,32120,27375,17155
H1,high_stress,113,365,76650,76650,0,1.0,32386.151205,32386151.205,11152.5,10.4,20376.2,847.051205,0.0,3954,1,1,15674,0.332601,0.372827,0.408982,0.431588,0.946479,32120,27375,17155
H1,high_stress,114,365,76650,76650,0,1.0,32580.937352,32580937.352,11185.5,10.4,20527.0,858.037353,0.0,4041,1,1,15790,0.312149,0.390117,0.379034,0.4167,0.946347,32120,27375,17155
H1,high_stress,115,365,76650,76650,0,1.0,31064.762442,31064762.442,10655.0,0.0,19589.7,820.062442,0.0,3859,0,0,15069,0.329616,0.357534,0.407685,0.441978,0.948804,32120,27375,17155
H1,high_stress,116,365,76650,76650,0,1.0,32509.484641,32509484.641,11173.5,10.4,20471.1,854.484641,0.0,4011,1,1,15747,0.302985,0.329516,0.40975,0.417094,0.946411,32120,27375,17155
H1,high_stress,117,365,76650,76650,0,1.0,32723.848129,32723848.129,11220.5,10.4,20632.3,860.648129,0.0,4047,1,1,15871,0.333934,0.346962,0.421873,0.453826,0.946005,32120,27375,17155
H1,high_stress,118,365,76650,76650,0,1.0,34561.349099,34561349.099,11841.0,20.8,21788.0,911.549099,0.0,4310,2,2,16760,0.282173,0.332991,0.394413,0.378016,0.943151,32120,27375,17155
H1,high_stress,119,365,76650,76650,0,1.0,31965.939618,31965939.618,11024.0,0.0,20107.1,834.839618,0.0,3884,0,0,15467,0.327882,0.351415,0.432421,0.419286,0.9471,32120,27375,17155
H1,high_stress,120,365,76650,76650,0,1.0,32644.555332,32644555.332,11198.0,0.0,20586.8,859.755332,0.0,4047,0,0,15836,0.330461,0.391427,0.392242,0.420799,0.946164,32120,27375,17155
H1,high_stress,121,365,76650,76650,0,1.0,33475.764426,33475764.426,11519.0,0.0,21078.2,878.564426,0.0,4128,0,0,16214,0.304248,0.337914,0.390231,0.446135,0.944804,32120,27375,17155
H1,high_stress,122,365,76650,76650,0,1.0,33444.86506,33444865.06,11546.5,0.0,21026.2,872.16506,0.0,4066,0,0,16174,0.337998,0.401486,0.410268,0.386734,0.944703,32120,27375,17155
H1,high_stress,123,365,76650,76650,0,1.0,33547.479604,33547479.604,11551.5,0.0,21115.9,880.079604,0.0,4132,0,0,16243,0.304256,0.314709,0.41558,0.421661,0.944689,32120,27375,17155
H1,high_stress,124,365,76650,76650,0,1.0,34012.771544,34012771.544,11713.5,10.4,21398.0,890.871544,0.0,4183,1,1,16460,0.322893,0.371644,0.398027,0.413157,0.943936,32120,27375,17155
H1,high_stress,125,365,76650,76650,0,1.0,32243.36717,32243367.17,11127.5,0.0,20273.5,842.36717,0.0,3925,0,0,15595,0.303985,0.320874,0.440447,0.415865,0.946703,32120,27375,17155
H1,high_stress,126,365,76650,76650,0,1.0,32808.186981,32808186.981,11233.5,0.0,20706.4,868.286981,0.0,4115,0,0,15928,0.310246,0.340012,0.423725,0.412224,0.94605,32120,27375,17155
H1,high_stress,127,365,76650,76650,0,1.0,32156.943969,32156943.969,11090.5,20.8,20205.9,839.743969,0.0,3923,2,2,15543,0.326766,0.336769,0.426109,0.464283,0.946941,32120,27375,17155
H1,high_stress,128,365,76650,76650,0,1.0,30525.251685,30525251.685,10471.0,0.0,19247.8,806.451685,0.0,3795,0,0,14806,0.335956,0.371512,0.4244,0.407427,0.949712,32120,27375,17155
H1,high_stress,129,365,76650,76650,0,1.0,32977.809558,32977809.558,11282.5,10.4,20813.0,871.909558,0.0,4123,1,1,16010,0.316242,0.352563,0.417558,0.385817,0.945717,32120,27375,17155
H1,high_stress,130,365,76650,76650,0,1.0,31567.029493,31567029.493,10864.5,10.4,19862.7,829.429493,0.0,3895,1,1,15279,0.314365,0.353274,0.417978,0.429002,0.948014,32120,27375,17155
H2,high_stress,101,365,76650,76650,0,1.0,30892.426219,30892426.219,10614.0,0.0,19467.5,810.926219,0.0,3773,0,0,14975,0.315763,0.34738,0.413452,0.414833,0.94884,32120,27364,17166
H2,high_stress,102,365,76650,76650,0,1.0,30599.556022,30599556.022,10468.0,0.0,19320.6,810.956022,0.0,3822,0,0,14862,0.318384,0.372194,0.411801,0.392368,0.94958,32120,27371,17159
H2,high_stress,103,365,76650,76650,0,1.0,33179.066494,33179066.494,11458.0,0.0,20853.3,867.766494,0.0,4067,0,0,16041,0.322621,0.352748,0.423186,0.412696,0.945315,32120,27371,17159
H2,high_stress,104,365,76650,76650,0,1.0,31276.855121,31276855.121,10751.5,0.0,19704.1,821.255121,0.0,3839,0,0,15157,0.337381,0.381587,0.391441,0.442749,0.948315,32120,27373,17157
H2,high_stress,105,365,76650,76650,0,1.0,33012.973215,33012973.215,11390.0,0.0,20757.1,865.873215,0.0,4066,0,0,15967,0.299945,0.342243,0.405399,0.401718,0.945648,32120,27368,17162
H2,high_stress,106,365,76650,76650,0,1.0,33315.353911,33315353.911,11504.5,0.0,20940.4,870.453911,0.0,4072,0,0,16108,0.33176,0.382824,0.405776,0.405352,0.945032,32120,27375,17155
H2,high_stress,107,365,76650,76650,0,1.0,32059.141509,32059141.509,11026.5,20.8,20168.2,843.641509,0.0,3983,2,2,15514,0.317493,0.366387,0.412028,0.439873,0.947347,32120,27373,17157
H2,high_stress,108,365,76650,76650,0,1.0,34462.655104,34462655.104,11822.5,10.4,21723.0,906.755104,0.0,4278,1,1,16710,0.306701,0.348932,0.387494,0.422558,0.943228,32120,27374,17156
H2,high_stress,109,365,76650,76650,0,1.0,30837.733972,30837733.972,10577.0,10.4,19436.3,814.033972,0.0,3833,1,1,14951,0.320262,0.371344,0.408177,0.422046,0.949228,32120,27361,17169
H2,high_stress,110,365,76650,76650,0,1.0,37550.160771,37550160.771,12092.0,1071.2,23435.1,951.860771,0.0,4281,102,102,18027,0.21373,0.264338,0.319772,0.26297,0.937689,32120,27375,17155
H2,high_stress,111,365,76650,76650,0,1.0,30861.274523,30861274.523,10628.5,0.0,19423.3,809.474523,0.0,3782,0,0,14941,0.339394,0.372234,0.420487,0.435188,0.949037,32120,27367,17163
H2,high_stress,112,365,76650,76650,0,1.0,32646.57337,32646573.37,11245.5,0.0,20545.2,855.87337,0.0,4010,0,0,15804,0.3203,0.354223,0.41152,0.42523,0.946137,32120,27365,17165
H2,high_stress,113,365,76650,76650,0,1.0,32232.850446,32232850.446,11107.0,0.0,20282.6,843.250446,0.0,3939,0,0,15602,0.325732,0.352363,0.434279,0.430962,0.946735,32120,27371,17159
H2,high_stress,114,365,76650,76650,0,1.0,32504.170764,32504170.764,11164.0,10.4,20475.0,854.770764,0.0,4024,1,1,15750,0.32693,0.359556,0.408381,0.450811,0.946452,32120,27362,17168
H2,high_stress,115,365,76650,76650,0,1.0,31430.565299,31430565.299,10770.0,0.0,19830.2,830.365299,0.0,3914,0,0,15254,0.33504,0.394275,0.399984,0.424772,0.94821,32120,27375,17155
H2,high_stress,116,365,76650,76650,0,1.0,32541.193011,32541193.011,11184.5,10.4,20491.9,854.393011,0.0,4015,1,1,15763,0.327201,0.378098,0.410136,0.43787,0.946352,32120,27375,17155
H2,high_stress,117,365,76650,76650,0,1.0,32745.669584,32745669.584,11235.5,0.0,20647.9,862.269584,0.0,4053,0,0,15883,0.304023,0.344807,0.4095,0.413022,0.945973,32120,27364,17166
H2,high_stress,118,365,76650,76650,0,1.0,34478.030381,34478030.381,11804.5,31.2,21733.4,908.930381,0.0,4300,3,3,16718,0.295556,0.338384,0.401683,0.399743,0.943301,32120,27364,17166
H2,high_stress,119,365,76650,76650,0,1.0,31893.37678,31893376.78,10997.0,0.0,20062.9,833.47678,0.0,3879,0,0,15433,0.32475,0.356944,0.428009,0.41875,0.947233,32120,27371,17159
H2,high_stress,120,365,76650,76650,0,1.0,32632.029648,32632029.648,11188.5,10.4,20573.8,859.329648,0.0,4041,1,1,15826,0.312947,0.357307,0.413604,0.400796,0.946183,32120,27370,17160
H2,high_stress,121,365,76650,76650,0,1.0,33405.530392,33405530.392,11485.5,10.4,21032.7,876.930392,0.0,4116,1,1,16179,0.310446,0.347038,0.387649,0.411576,0.944913,32120,27369,17161
H2,high_stress,122,365,76650,76650,0,1.0,33495.070052,33495070.052,11562.5,0.0,21058.7,873.870052,0.0,4075,0,0,16199,0.333019,0.376475,0.393405,0.42206,0.94463,32120,27375,17155
H2,high_stress,123,365,76650,76650,0,1.0,33449.053357,33449053.357,11517.0,0.0,21054.8,877.253357,0.0,4117,0,0,16196,0.30893,0.360583,0.400421,0.411062,0.944836,32120,27364,17166
H2,high_stress,124,365,76650,76650,0,1.0,34181.104237,34181104.237,11754.5,31.2,21500.7,894.704237,0.0,4199,3,3,16539,0.313789,0.344193,0.426726,0.390922,0.943658,32120,27364,17166
H2,high_stress,125,365,76650,76650,0,1.0,32325.332528,32325332.528,11152.5,0.0,20328.1,844.732528,0.0,3938,0,0,15637,0.31474,0.368898,0.414781,0.414376,0.946571,32120,27375,17155
H2,high_stress,126,365,76650,76650,0,1.0,32797.938745,32797938.745,11221.0,10.4,20698.6,867.938745,0.0,4114,1,1,15922,0.303598,0.337296,0.407858,0.443193,0.946078,32120,27368,17162
H2,high_stress,127,365,76650,76650,0,1.0,31974.752941,31974752.941,11033.5,10.4,20094.1,836.752941,0.0,3909,1,1,15457,0.311624,0.344158,0.42088,0.400833,0.947265,32120,27371,17159
H2,high_stress,128,365,76650,76650,0,1.0,30322.325559,30322325.559,10395.0,0.0,19125.6,801.725559,0.0,3772,0,0,14712,0.332288,0.371042,0.398514,0.439076,0.950037,32120,27372,17158
H2,high_stress,129,365,76650,76650,0,1.0,33004.364668,33004364.668,11303.0,0.0,20828.6,872.764668,0.0,4128,0,0,16022,0.317285,0.348772,0.424245,0.380385,0.94568,32120,27369,17161
H2,high_stress,130,365,76650,76650,0,1.0,31286.449285,31286449.285,10769.5,0.0,19693.7,823.249285,0.0,3868,0,0,15149,0.320723,0.35894,0.398728,0.440627,0.948479,32120,27362,17168
H3,high_stress,101,365,76650,76650,0,1.0,32462.489725,32462489.725,11103.5,52.0,20468.5,838.489725,0.0,4016,5,5,15745,0.687509,0.722148,0.756533,0.718851,0.946457,32120,21900,22630
H3,high_stress,102,365,76650,76650,0,1.0,33220.629939,33220629.939,11412.0,20.8,20933.9,853.929939,0.0,4073,2,2,16103,0.718892,0.744324,0.732091,0.786279,0.945068,32120,21900,22630
H3,high_stress,103,365,76650,76649,1,0.999987,39336.774325,39336774.325,12430.0,1519.7,24427.0,958.074325,2.0,4309,143,143,18790,0.63302,0.662495,0.696996,0.701304,0.934521,32120,21899,22630
H3,high_stress,104,365,76650,76650,0,1.0,33869.926243,33869926.243,11580.0,20.8,21390.2,878.926243,0.0,4243,2,2,16454,0.695559,0.7335,0.745904,0.746128,0.944242,32120,21900,22630
H3,high_stress,105,365,76650,76650,0,1.0,34217.979772,34217979.772,11759.0,52.0,21529.3,877.679772,0.0,4183,5,5,16561,0.696946,0.720035,0.74793,0.743078,0.943493,32120,21900,22630
H3,high_stress,106,365,76650,76650,0,1.0,33893.594592,33893594.592,11735.5,20.8,21274.5,862.794592,0.0,4075,2,2,16365,0.683351,0.69397,0.764635,0.753205,0.943881,32120,21900,22630
H3,high_stress,107,365,76650,76650,0,1.0,34360.315408,34360315.408,11777.0,31.2,21663.2,888.915408,0.0,4285,3,3,16664,0.68724,0.711403,0.765101,0.735337,0.943479,32120,21900,22630
H3,high_stress,108,365,76650,76645,5,0.999935,41218.685332,41218685.332,12350.5,2355.6,25513.8,988.785332,10.0,4349,222,222,19626,0.584688,0.629813,0.649097,0.649672,0.931242,32120,21895,22630
H3,high_stress,109,365,76650,76650,0,1.0,32157.04196,32157041.96,10984.0,41.6,20296.9,834.54196,0.0,4026,4,4,15613,0.693453,0.720437,0.729838,0.769721,0.947105,32120,21900,22630
H3,high_stress,110,365,76650,76647,3,0.999961,42932.065416,42932065.416,12456.5,3055.0,26410.8,1003.765416,6.0,4288,285,285,20316,0.578378,0.644247,0.6422,0.639833,0.928105,32120,21897,22630
H3,high_stress,111,365,76650,76650,0,1.0,30324.602099,30324602.099,10429.5,20.8,19095.7,778.602099,0.0,3700,2,2,14689,0.698182,0.716557,0.766165,0.77551,0.949822,32120,21900,22630
H3,high_stress,112,365,76650,76650,0,1.0,32288.689821,32288689.821,11087.0,31.2,20342.4,828.089821,0.0,3927,3,3,15648,0.707352,0.751734,0.74778,0.744527,0.946484,32120,21900,22630
H3,high_stress,113,365,76650,76650,0,1.0,33740.493456,33740493.456,11545.5,41.6,21282.3,871.093456,0.0,4177,4,4,16371,0.71222,0.739141,0.751505,0.731146,0.944329,32120,21900,22630
H3,high_stress,114,365,76650,76650,0,1.0,32092.942948,32092942.948,10995.5,10.4,20256.6,830.442948,0.0,3986,1,1,15582,0.701266,0.722656,0.758475,0.75329,0.947046,32120,21900,22630
H3,high_stress,115,365,76650,76650,0,1.0,32457.597722,32457597.722,11137.5,20.8,20464.6,834.697722,0.0,3973,2,2,15742,0.696987,0.720943,0.748524,0.761667,0.94626,32120,21900,22630
H3,high_stress,116,365,76650,76650,0,1.0,32280.328176,32280328.176,11085.5,20.8,20342.4,831.628176,0.0,3973,2,2,15648,0.694982,0.723985,0.750458,0.748524,0.946689,32120,21900,22630
H3,high_stress,117,365,76650,76650,0,1.0,33120.987518,33120987.518,11348.0,62.4,20858.5,852.087518,0.0,4067,6,6,16045,0.689758,0.714181,0.725449,0.765416,0.945324,32120,21900,22630
H3,high_stress,118,365,76650,76650,0,1.0,33755.040809,33755040.809,11594.5,20.8,21268.0,871.740809,0.0,4196,2,2,16360,0.706142,0.728642,0.745142,0.768222,0.944457,32120,21900,22630
H3,high_stress,119,365,76650,76650,0,1.0,33945.19644,33945196.44,11680.5,52.0,21347.3,865.39644,0.0,4081,5,5,16421,0.693539,0.710658,0.738831,0.762582,0.943667,32120,21900,22630
H3,high_stress,120,365,76650,76650,0,1.0,32977.068294,32977068.294,11350.5,20.8,20759.7,846.068294,0.0,4030,2,2,15969,0.710166,0.727998,0.761,0.763116,0.945484,32120,21900,22630
H3,high_stress,121,365,76650,76649,1,0.999987,35058.592914,35058592.914,12000.5,72.8,22080.5,902.792914,2.0,4326,7,7,16985,0.695818,0.722973,0.724616,0.763174,0.942219,32120,21899,22630
H3,high_stress,122,365,76650,76650,0,1.0,32313.277648,32313277.648,11084.0,52.0,20346.3,830.977648,0.0,3962,5,5,15651,0.685201,0.706383,0.744143,0.757313,0.946639,32120,21900,22630
H3,high_stress,123,365,76650,76650,0,1.0,34432.819588,34432819.588,11863.5,52.0,21638.5,878.819588,0.0,4160,5,5,16645,0.684788,0.713744,0.758806,0.726832,0.943005,32120,21900,22630
H3,high_stress,124,365,76650,76649,1,0.999987,34777.72245,34777722.45,11894.0,52.0,21932.3,897.42245,2.0,4302,5,5,16871,0.685342,0.693656,0.749376,0.759622,0.942621,32120,21899,22630
H3,high_stress,125,365,76650,76650,0,1.0,32003.412113,32003412.113,11029.5,20.8,20133.1,820.012113,0.0,3902,2,2,15487,0.719742,0.770362,0.758312,0.756809,0.9471,32120,21900,22630
H3,high_stress,126,365,76650,76650,0,1.0,31992.487233,31992487.233,10894.5,0.0,20260.5,837.487233,0.0,4078,0,0,15585,0.703238,0.72114,0.753612,0.774752,0.947447,32120,21900,22630
H3,high_stress,127,365,76650,76650,0,1.0,33669.707028,33669707.028,11618.5,52.0,21140.6,858.607028,0.0,4063,5,5,16262,0.686081,0.702334,0.751777,0.743551,0.944311,32120,21900,22630
H3,high_stress,128,365,76650,76650,0,1.0,31853.366512,31853366.512,10926.5,31.2,20075.9,819.766512,0.0,3908,3,3,15443,0.6917,0.701091,0.752988,0.77134,0.947338,32120,21900,22630
H3,high_stress,129,365,76650,76649,1,0.999987,34608.844057,34608844.057,11810.0,83.2,21820.5,893.144057,2.0,4279,8,8,16785,0.677893,0.717167,0.724419,0.732865,0.942922,32120,21899,22630
H3,high_stress,130,365,76650,76650,0,1.0,33718.633417,33718633.417,11566.0,10.4,21269.3,872.933417,0.0,4212,1,1,16361,0.693435,0.717025,0.761187,0.766335,0.944521,32120,21900,22630
H4,high_stress,101,365,76650,76650,0,1.0,32552.484154,32552484.154,11155.0,20.8,20534.8,841.884154,0.0,4046,2,2,15796,0.710967,0.737448,0.748555,0.750776,0.946347,29568,26280,20802
H4,high_stress,102,365,76650,76649,1,0.999987,33276.575028,33276575.028,11421.0,31.2,20966.4,855.975028,2.0,4083,3,3,16128,0.679569,0.695115,0.752407,0.759193,0.945005,29565,26279,20805
H4,high_stress,103,365,76650,76648,2,0.999974,39432.452807,39432452.807,12427.0,1561.3,24479.0,961.152807,4.0,4320,146,146,18830,0.604149,0.63805,0.686147,0.669575,0.934402,29719,26226,20703
H4,high_stress,104,365,76650,76650,0,1.0,34049.451094,34049451.094,11592.0,83.2,21491.6,882.651094,0.0,4255,8,8,16532,0.68457,0.719281,0.738212,0.73891,0.943968,29574,26276,20800
H4,high_stress,105,365,76650,76650,0,1.0,34296.074106,34296074.106,11773.0,63.7,21578.7,880.674106,0.0,4200,6,6,16599,0.677616,0.710503,0.72811,0.741827,0.943402,29568,26277,20805
H4,high_stress,106,365,76650,76649,1,0.999987,33978.389501,33978389.501,11759.5,20.8,21330.4,865.689501,2.0,4094,2,2,16408,0.672258,0.681105,0.753169,0.767554,0.943772,29568,26280,20801
H4,high_stress,107,365,76650,76650,0,1.0,34471.158917,34471158.917,11805.0,41.6,21732.1,892.458917,0.0,4306,4,4,16717,0.676465,0.700285,0.743787,0.756453,0.943338,29571,26279,20800
H4,high_stress,108,365,76650,76645,5,0.999935,41502.035672,41502035.672,12346.5,2463.5,25689.3,992.735672,10.0,4365,229,229,19761,0.599806,0.639405,0.643657,0.680575,0.930735,29721,26183,20741
H4,high_stress,109,365,76650,76650,0,1.0,32230.12444,32230124.44,11040.5,0.0,20351.5,838.12444,0.0,4059,0,0,15655,0.702097,0.748895,0.734324,0.77186,0.947041,29565,26280,20805
H4,high_stress,110,365,76650,76648,2,0.999974,43101.8707,43101870.7,12461.5,3116.1,26513.5,1006.7707,4.0,4302,290,290,20395,0.597239,0.658315,0.641354,0.636219,0.927831,29798,26185,20665
H4,high_stress,111,365,76650,76650,0,1.0,30381.250375,30381250.375,10455.0,10.4,19134.7,781.150375,0.0,3720,1,1,14719,0.71456,0.742053,0.749139,0.777745,0.949772,29565,26279,20806
H4,high_stress,112,365,76650,76650,0,1.0,32357.488809,32357488.809,11108.0,31.2,20387.9,830.388809,0.0,3943,3,3,15683,0.710839,0.738213,0.738008,0.765892,0.946397,29568,26279,20803
H4,high_stress,113,365,76650,76649,1,0.999987,33810.799653,33810799.653,11567.0,41.6,21326.5,873.699653,2.0,4196,4,4,16405,0.699396,0.74285,0.733192,0.753392,0.94426,29568,26280,20801
H4,high_stress,114,365,76650,76650,0,1.0,32217.003671,32217003.671,11011.0,41.6,20330.7,833.703671,0.0,4002,4,4,15639,0.701729,0.738656,0.731572,0.758112,0.946872,29568,26277,20805
H4,high_stress,115,365,76650,76650,0,1.0,32504.483737,32504483.737,11153.5,20.8,20493.2,836.983737,0.0,3988,2,2,15764,0.691031,0.712567,0.74761,0.747132,0.946228,29565,26278,20807
H4,high_stress,116,365,76650,76650,0,1.0,32395.007994,32395007.994,11124.0,20.8,20415.2,835.007994,0.0,3996,2,2,15704,0.707397,0.744291,0.753122,0.741061,0.946539,29565,26279,20806
H4,high_stress,117,365,76650,76650,0,1.0,33172.598646,33172598.646,11396.5,20.8,20900.1,855.198646,0.0,4097,2,2,16077,0.70484,0.733874,0.736986,0.757547,0.945297,29568,26279,20803
H4,high_stress,118,365,76650,76650,0,1.0,33919.965644,33919965.644,11616.0,62.4,21365.5,876.065644,0.0,4213,6,6,16435,0.665764,0.700041,0.747595,0.740463,0.94421,29571,26277,20802
H4,high_stress,119,365,76650,76650,0,1.0,33954.542732,33954542.732,11715.0,10.4,21361.6,867.542732,0.0,4105,1,1,16432,0.707091,0.723226,0.742622,0.760967,0.943708,29568,26280,20802
H4,high_stress,120,365,76650,76650,0,1.0,33065.705756,33065705.756,11387.5,10.4,20818.2,849.605756,0.0,4054,1,1,16014,0.703908,0.731681,0.757546,0.752487,0.945384,29568,26280,20802
H4,high_stress,121,365,76650,76650,0,1.0,35212.8975,35212897.5,11996.5,145.6,22165.0,905.7975,0.0,4331,14,14,17050,0.67141,0.718611,0.723979,0.715352,0.941977,29580,26275,20795
H4,high_stress,122,365,76650,76650,0,1.0,32361.704035,32361704.035,11123.5,20.8,20384.0,833.404035,0.0,3987,2,2,15680,0.696052,0.715004,0.746735,0.782582,0.946607,29568,26279,20803
H4,high_stress,123,365,76650,76650,0,1.0,34493.794941,34493794.941,11889.5,41.6,21681.4,881.294941,0.0,4182,4,4,16678,0.710696,0.735605,0.749035,0.744287,0.94295,29574,26280,20796
H4,high_stress,124,365,76650,76650,0,1.0,34898.448991,34898448.991,11917.0,72.8,22007.7,900.948991,0.0,4321,7,7,16929,0.6986,0.72919,0.731663,0.730192,0.942452,29568,26277,20805
H4,high_stress,125,365,76650,76650,0,1.0,32077.51083,32077510.83,11044.0,31.2,20179.9,822.41083,0.0,3915,3,3,15523,0.705741,0.734067,0.761968,0.755265,0.947,29565,26278,20807
H4,high_stress,126,365,76650,76650,0,1.0,32108.943081,32108943.081,10925.5,10.4,20332.0,841.043081,0.0,4100,1,1,15640,0.703864,0.714975,0.747782,0.786606,0.947301,29568,26280,20802
H4,high_stress,127,365,76650,76650,0,1.0,33726.107501,33726107.501,11661.5,20.8,21182.2,861.607501,0.0,4090,2,2,16294,0.703632,0.715653,0.750299,0.753056,0.944274,29571,26280,20799
H4,high_stress,128,365,76650,76650,0,1.0,31933.531538,31933531.538,10971.0,10.4,20129.2,822.931538,0.0,3935,1,1,15484,0.713037,0.748909,0.759981,0.751832,0.94726,29565,26280,20805
H4,high_stress,129,365,76650,76650,0,1.0,34716.300727,34716300.727,11863.5,62.4,21893.3,897.100727,0.0,4309,6,6,16841,0.680322,0.70021,0.733013,0.756426,0.942795,29580,26280,20790
H4,high_stress,130,365,76650,76650,0,1.0,33873.185325,33873185.325,11577.5,62.4,21356.4,876.885325,0.0,4225,6,6,16428,0.681233,0.699585,0.750458,0.735713,0.944297,29571,26277,20802
H0,high_demand_high_stress,101,365,87965,82125,5840,0.93361,45590.109192,45590109.192,11592.5,41.6,21396.7,879.309192,11680.0,4220,4,4,16459,0.647499,0.673008,0.695891,0.732359,0.944123,32120,27375,22630
H0,high_demand_high_stress,102,365,87965,82125,5840,0.93361,47265.193791,47265193.791,12130.0,135.2,22404.2,915.793791,11680.0,4353,13,13,17234,0.622842,0.656878,0.685744,0.675691,0.941233,32120,27375,22630
H0,high_demand_high_stress,103,365,87965,82125,5840,0.93361,53693.467645,53693467.645,12433.5,2676.7,25909.0,994.267645,11680.0,4294,249,249,19930,0.558719,0.613003,0.611554,0.609583,0.929731,32120,27375,22630
H0,high_demand_high_stress,104,365,87965,82125,5840,0.93361,47261.905552,47261905.552,12127.5,115.7,22419.8,918.905552,11680.0,4389,11,11,17246,0.620776,0.668477,0.692135,0.671386,0.941333,32120,27375,22630
H0,high_demand_high_stress,105,365,87965,82125,5840,0.93361,50249.654467,50249654.467,12318.5,1266.2,24030.5,954.454467,11680.0,4338,121,121,18485,0.561356,0.607264,0.644642,0.628126,0.935945,32120,27375,22630
H0,high_demand_high_stress,106,365,87965,82125,5840,0.93361,47467.156204,47467156.204,12320.5,93.6,22461.4,911.656204,11680.0,4282,9,9,17278,0.623444,0.639752,0.692884,0.679614,0.940689,32120,27375,22630
H0,high_demand_high_stress,107,365,87965,82125,5840,0.93361,49974.412781,49974412.781,12250.5,1167.4,23918.7,957.812781,11680.0,4420,111,111,18399,0.588807,0.645588,0.642161,0.62561,0.936667,32120,27375,22630
H0,high_demand_high_stress,108,365,87965,82125,5840,0.93361,55659.231579,55659231.579,12328.5,3552.9,27071.2,1026.631579,11680.0,4345,333,333,20824,0.49812,0.551051,0.591169,0.567794,0.926265,32120,27375,22630
H0,high_demand_high_stress,109,365,87965,82125,5840,0.93361,45450.478177,45450478.177,11567.5,31.2,21295.3,876.478177,11680.0,4218,3,3,16381,0.651175,0.703657,0.705271,0.691713,0.944466,32120,27375,22630
H0,high_demand_high_stress,110,365,87965,82125,5840,0.93361,58728.045742,58728045.742,12468.0,4815.2,28707.9,1056.945742,11680.0,4261,447,447,22083,0.477593,0.553436,0.562234,0.591109,0.920653,32120,27375,22630
H0,high_demand_high_stress,111,365,87965,82125,5840,0.93361,44336.785895,44336785.895,11259.5,0.0,20556.9,840.385895,11680.0,3999,0,0,15813,0.675014,0.701654,0.712915,0.731009,0.946046,32120,27375,22630
H0,high_demand_high_stress,112,365,87965,82125,5840,0.93361,47756.257333,47756257.333,12194.5,270.4,22690.2,921.157333,11680.0,4327,26,26,17454,0.630777,0.668773,0.675278,0.667496,0.940169,32120,27375,22630
H0,high_demand_high_stress,113,365,87965,82125,5840,0.93361,46961.979337,46961979.337,12064.0,63.7,22243.0,911.279337,11680.0,4351,6,6,17110,0.643851,0.670338,0.675196,0.730835,0.941758,32120,27375,22630
H0,high_demand_high_stress,114,365,87965,82125,5840,0.93361,46525.922334,46525922.334,11903.0,52.0,21988.2,902.722334,11680.0,4320,5,5,16914,0.629723,0.652846,0.700289,0.694754,0.942507,32120,27375,22630
H0,high_demand_high_stress,115,365,87965,82125,5840,0.93361,46608.520171,46608520.171,11927.0,62.4,22037.6,901.520171,11680.0,4293,6,6,16952,0.639666,0.657751,0.710083,0.706753,0.942215,32120,27375,22630
H0,high_demand_high_stress,116,365,87965,82125,5840,0.93361,50069.995168,50069995.168,12267.0,1211.6,23957.7,953.695168,11680.0,4356,115,115,18429,0.581863,0.611548,0.642123,0.662535,0.936256,32120,27375,22630
H0,high_demand_high_stress,117,365,87965,82125,5840,0.93361,47870.1043,47870104.3,12203.0,304.2,22756.5,926.4043,11680.0,4373,29,29,17505,0.608865,0.657744,0.659287,0.663211,0.94016,32120,27375,22630
H0,high_demand_high_stress,118,365,87965,82125,5840,0.93361,50703.58896,50703588.96,12258.0,1482.0,24317.8,965.788961,11680.0,4397,140,140,18706,0.565168,0.639542,0.602684,0.634538,0.935292,32120,27375,22630
H0,high_demand_high_stress,119,365,87965,82125,5840,0.93361,49739.895355,49739895.355,12373.5,1011.4,23734.1,940.895355,11680.0,4249,95,95,18257,0.575809,0.607596,0.626289,0.631594,0.936461,32120,27375,22630
H0,high_demand_high_stress,120,365,87965,82125,5840,0.93361,47045.799365,47045799.365,12112.5,93.6,22252.1,907.599365,11680.0,4306,9,9,17117,0.634239,0.679294,0.69186,0.698818,0.941534,32120,27375,22630
H0,high_demand_high_stress,121,365,87965,82125,5840,0.93361,50061.032821,50061032.821,12288.5,1183.0,23955.1,954.432821,11680.0,4366,112,112,18427,0.576125,0.618308,0.652918,0.626664,0.936297,32120,27375,22630
H0,high_demand_high_stress,122,365,87965,82125,5840,0.93361,46899.226782,46899226.782,12058.5,105.3,22150.7,904.726782,11680.0,4294,10,10,17039,0.622819,0.665022,0.703916,0.660141,0.94184,32120,27375,22630
H0,high_demand_high_stress,123,365,87965,82125,5840,0.93361,51391.007967,51391007.967,12384.0,1713.4,24646.7,966.907967,11680.0,4319,161,161,18959,0.559013,0.576127,0.647426,0.627461,0.933872,32120,27375,22630
H0,high_demand_high_stress,124,365,87965,82125,5840,0.93361,49821.135531,49821135.531,12250.0,1102.4,23836.8,951.935531,11680.0,4359,105,105,18336,0.552463,0.594189,0.638344,0.642682,0.936648,32120,27375,22630
H0,high_demand_high_stress,125,365,87965,82125,5840,0.93361,45784.576258,45784576.258,11749.0,41.6,21439.6,874.376258,11680.0,4147,4,4,16492,0.661121,0.699065,0.707477,0.699059,0.943639,32120,27375,22630
H0,high_demand_high_stress,126,365,87965,82125,5840,0.93361,45365.992339,45365992.339,11457.5,20.8,21325.2,882.492339,11680.0,4283,2,2,16404,0.659621,0.699251,0.695044,0.70641,0.944662,32120,27375,22630
H0,high_demand_high_stress,127,365,87965,82125,5840,0.93361,51596.344098,51596344.098,12430.0,1788.8,24732.5,965.044098,11680.0,4269,167,167,19025,0.555879,0.624207,0.624289,0.615502,0.933365,32120,27375,22630
H0,high_demand_high_stress,128,365,87965,82125,5840,0.93361,45914.292057,45914292.057,11777.0,0.0,21572.2,885.092057,11680.0,4241,0,0,16594,0.657867,0.696517,0.682965,0.739478,0.943584,32120,27375,22630
H0,high_demand_high_stress,129,365,87965,82125,5840,0.93361,50405.023151,50405023.151,12218.5,1368.9,24174.8,962.823151,11680.0,4397,130,130,18596,0.554437,0.588928,0.628916,0.643795,0.935749,32120,27375,22630
H0,high_demand_high_stress,130,365,87965,82125,5840,0.93361,47115.253245,47115253.245,12092.5,83.2,22340.5,919.053245,11680.0,4420,8,8,17185,0.627079,0.656064,0.702701,0.687796,0.94174,32120,27375,22630
H1,high_demand_high_stress,101,365,87965,82125,5840,0.93361,45776.335886,45776335.886,11703.0,20.8,21482.5,890.035886,11680.0,4145,2,2,16525,0.323159,0.35674,0.405883,0.433146,0.94347,32120,27375,22630
H1,high_demand_high_stress,102,365,87965,82125,5840,0.93361,45219.380671,45219380.671,11470.5,10.4,21174.4,884.080671,11680.0,4172,1,1,16288,0.323873,0.342731,0.438589,0.426228,0.944671,32120,27375,22630
H1,high_demand_high_stress,103,365,87965,82125,5840,0.93361,49302.623227,49302623.227,12152.5,1085.5,23435.1,949.523227,11680.0,4261,102,102,18027,0.188836,0.275967,0.321509,0.291468,0.937594,32120,27375,22630
H1,high_demand_high_stress,104,365,87965,82125,5840,0.93361,46127.403814,46127403.814,11830.0,20.8,21695.7,900.903814,11680.0,4213,2,2,16689,0.309024,0.35526,0.41213,0.402855,0.943032,32120,27375,22630
H1,high_demand_high_stress,105,365,87965,82125,5840,0.93361,48879.025083,48879025.083,12137.0,907.4,23210.2,944.425083,11680.0,4269,86,86,17854,0.229786,0.265715,0.306442,0.345309,0.938352,32120,27375,22630
H1,high_demand_high_stress,106,365,87965,82125,5840,0.93361,49100.875455,49100875.455,12152.5,991.9,23329.8,946.675455,11680.0,4252,95,95,17946,0.220504,0.280624,0.30597,0.308157,0.937895,32120,27375,22630
H1,high_demand_high_stress,107,365,87965,82125,5840,0.93361,46852.521233,46852521.233,12047.0,84.5,22118.2,922.821233,11680.0,4343,8,8,17014,0.280185,0.317809,0.367599,0.367278,0.942169,32120,27375,22630
H1,high_demand_high_stress,108,365,87965,82125,5840,0.93361,51641.759649,51641759.649,12078.0,2103.4,24796.2,984.159649,11680.0,4291,196,196,19074,0.183276,0.284155,0.28977,0.2492,0.933374,32120,27375,22630
H1,high_demand_high_stress,109,365,87965,82125,5840,0.93361,45299.341896,45299341.896,11540.5,10.4,21184.8,883.641896,11680.0,4163,1,1,16296,0.319388,0.352602,0.421436,0.420791,0.944594,32120,27375,22630
H1,high_demand_high_stress,110,365,87965,82125,5840,0.93361,56609.778165,56609778.165,12218.5,4140.5,27531.4,1039.378165,11680.0,4218,382,382,21178,0.191905,0.276533,0.307587,0.266895,0.924292,32120,27375,22630
H1,high_demand_high_stress,111,365,87965,82125,5840,0.93361,45259.385134,45259385.134,11551.5,0.0,21148.4,879.485134,11680.0,4122,0,0,16268,0.29109,0.327141,0.450855,0.420567,0.94453,32120,27375,22630
H1,high_demand_high_stress,112,365,87965,82125,5840,0.93361,48392.60496,48392604.96,12097.5,708.5,22967.1,939.50496,11680.0,4273,67,67,17667,0.22838,0.283646,0.312781,0.319257,0.939137,32120,27375,22630
H1,high_demand_high_stress,113,365,87965,82125,5840,0.93361,47343.883459,47343883.459,12084.0,266.5,22389.9,923.483459,11680.0,4264,25,25,17223,0.279364,0.341587,0.359366,0.348625,0.940932,32120,27375,22630
H1,high_demand_high_stress,114,365,87965,82125,5840,0.93361,47982.396391,47982396.391,12042.0,565.5,22759.1,935.796391,11680.0,4305,54,54,17507,0.27041,0.335364,0.354189,0.316518,0.939954,32120,27375,22630
H1,high_demand_high_stress,115,365,87965,82125,5840,0.93361,46009.924819,46009924.819,11759.5,20.8,21647.6,902.024819,11680.0,4249,2,2,16652,0.333652,0.392919,0.42648,0.392607,0.943365,32120,27375,22630
H1,high_demand_high_stress,116,365,87965,82125,5840,0.93361,47251.228265,47251228.265,12059.5,232.7,22353.5,925.528265,11680.0,4306,22,22,17195,0.268135,0.321724,0.384861,0.360532,0.941237,32120,27375,22630
H1,high_demand_high_stress,117,365,87965,82125,5840,0.93361,48358.430273,48358430.273,12028.0,718.9,22989.2,942.330273,11680.0,4301,68,68,17684,0.223537,0.294491,0.323243,0.300582,0.939192,32120,27375,22630
H1,high_demand_high_stress,118,365,87965,82125,5840,0.93361,52422.881634,52422881.634,12089.5,2428.4,25230.4,994.581634,11680.0,4309,228,228,19408,0.189786,0.274452,0.333935,0.258601,0.932087,32120,27375,22630
H1,high_demand_high_stress,119,365,87965,82125,5840,0.93361,46729.185312,46729185.312,12036.0,72.8,22029.8,910.585312,11680.0,4222,7,7,16946,0.288407,0.325066,0.408078,0.385319,0.941922,32120,27375,22630
H1,high_demand_high_stress,120,365,87965,82125,5840,0.93361,48206.817493,48206817.493,12026.0,656.5,22904.7,939.617493,11680.0,4308,62,62,17619,0.257595,0.316429,0.364126,0.313975,0.939493,32120,27375,22630
H1,high_demand_high_stress,121,365,87965,82125,5840,0.93361,50115.992649,50115992.649,12117.0,1430.0,23927.8,961.192649,11680.0,4275,135,135,18406,0.221428,0.28538,0.320873,0.32751,0.936082,32120,27375,22630
H1,high_demand_high_stress,122,365,87965,82125,5840,0.93361,50077.915649,50077915.649,12166.0,1400.1,23875.8,956.015649,11680.0,4214,132,132,18366,0.214807,0.276122,0.31952,0.287495,0.935973,32120,27375,22630
H1,high_demand_high_stress,123,365,87965,82125,5840,0.93361,50012.502982,50012502.982,12122.0,1380.6,23869.3,960.602982,11680.0,4274,130,130,18361,0.204776,0.252326,0.337635,0.27435,0.93626,32120,27375,22630
H1,high_demand_high_stress,124,365,87965,82125,5840,0.93361,50940.065552,50940065.552,12151.5,1771.9,24365.9,970.765552,11680.0,4257,167,167,18743,0.213406,0.275532,0.303533,0.294309,0.934607,32120,27375,22630
H1,high_demand_high_stress,125,365,87965,82125,5840,0.93361,47940.651851,47940651.851,12115.0,517.4,22699.3,928.951851,11680.0,4240,49,49,17461,0.252308,0.26715,0.387979,0.358946,0.939845,32120,27375,22630
H1,high_demand_high_stress,126,365,87965,82125,5840,0.93361,48615.750375,48615750.375,11987.0,856.7,23142.6,949.450375,11680.0,4347,81,81,17802,0.218805,0.264502,0.35119,0.28597,0.938922,32120,27375,22630
H1,high_demand_high_stress,127,365,87965,82125,5840,0.93361,46852.361487,46852361.487,12084.5,83.2,22089.6,915.061487,11680.0,4266,8,8,16992,0.301977,0.345053,0.396958,0.384079,0.941918,32120,27375,22630
H1,high_demand_high_stress,128,365,87965,82125,5840,0.93361,45064.703325,45064703.325,11450.5,0.0,21054.8,879.403325,11680.0,4145,0,0,16196,0.31675,0.354327,0.424037,0.396457,0.944963,32120,27375,22630
H1,high_demand_high_stress,129,365,87965,82125,5840,0.93361,48995.178779,48995178.779,12002.0,1008.8,23350.6,953.778779,11680.0,4330,96,96,17962,0.190089,0.241281,0.319072,0.289585,0.938183,32120,27375,22630
H1,high_demand_high_stress,130,365,87965,82125,5840,0.93361,45948.08423,45948084.23,11802.0,0.0,21568.3,897.78423,11680.0,4226,0,0,16591,0.338694,0.367791,0.422231,0.421585,0.943534,32120,27375,22630
H2,high_demand_high_stress,101,365,87965,82125,5840,0.93361,45610.62165,45610621.65,11661.0,0.0,21382.4,887.22165,11680.0,4134,0,0,16448,0.295959,0.340058,0.405779,0.418137,0.943763,32120,27375,22630
H2,high_demand_high_stress,102,365,87965,82125,5840,0.93361,45262.65755,45262657.55,11485.0,10.4,21201.7,885.55755,11680.0,4180,1,1,16309,0.31085,0.351451,0.420353,0.42615,0.944612,32120,27375,22630
H2,high_demand_high_stress,103,365,87965,82125,5840,0.93361,49065.773102,49065773.102,12149.5,980.2,23309.0,947.073102,11680.0,4265,93,93,17930,0.216839,0.247984,0.324546,0.293411,0.938018,32120,27375,22630
H2,high_demand_high_stress,104,365,87965,82125,5840,0.93361,46158.336152,46158336.152,11842.0,20.8,21713.9,901.636152,11680.0,4219,2,2,16703,0.319895,0.355439,0.418249,0.415725,0.942995,32120,27375,22630
H2,high_demand_high_stress,105,365,87965,82125,5840,0.93361,49428.177679,49428177.679,12138.5,1145.3,23514.4,949.977679,11680.0,4267,108,108,18088,0.243321,0.282775,0.34553,0.357469,0.937374,32120,27375,22630
H2,high_demand_high_stress,106,365,87965,82125,5840,0.93361,49174.803352,49174803.352,12157.5,1017.9,23372.7,946.703352,11680.0,4251,97,97,17979,0.250645,0.316844,0.319334,0.313628,0.937749,32120,27375,22630
H2,high_demand_high_stress,107,365,87965,82125,5840,0.93361,46725.10965,46725109.65,12027.0,52.0,22045.4,920.70965,11680.0,4340,5,5,16958,0.26934,0.290423,0.398217,0.365714,0.942397,32120,27375,22630
H2,high_demand_high_stress,108,365,87965,82125,5840,0.93361,52099.299324,52099299.324,12084.0,2293.2,25053.6,988.499324,11680.0,4286,214,214,19272,0.20826,0.283824,0.302209,0.294579,0.932539,32120,27375,22630
H2,high_demand_high_stress,109,365,87965,82125,5840,0.93361,45582.668639,45582668.639,11643.5,0.0,21368.1,891.068639,11680.0,4204,0,0,16437,0.314081,0.352348,0.438051,0.425066,0.944132,32120,27375,22630
H2,high_demand_high_stress,110,365,87965,82125,5840,0.93361,56781.693954,56781693.954,12213.5,4214.6,27630.2,1043.393954,11680.0,4220,386,386,21254,0.158131,0.193422,0.28202,0.252192,0.923968,32120,27375,22630
H2,high_demand_high_stress,111,365,87965,82125,5840,0.93361,45440.109975,45440109.975,11620.0,0.0,21256.3,883.809975,11680.0,4139,0,0,16351,0.327576,0.360447,0.410987,0.42198,0.944228,32120,27375,22630
H2,high_demand_high_stress,112,365,87965,82125,5840,0.93361,47902.749215,47902749.215,12095.5,500.5,22694.1,932.649215,11680.0,4280,48,48,17457,0.23323,0.285114,0.388294,0.301064,0.940041,32120,27375,22630
H2,high_demand_high_stress,113,365,87965,82125,5840,0.93361,47217.284618,47217284.618,12087.5,210.6,22317.1,922.084618,11680.0,4264,20,20,17167,0.251416,0.30979,0.379698,0.335603,0.941164,32120,27375,22630
H2,high_demand_high_stress,114,365,87965,82125,5840,0.93361,48010.533616,48010533.616,12050.0,568.1,22776.0,936.433616,11680.0,4307,54,54,17520,0.24709,0.290238,0.35106,0.355814,0.939904,32120,27375,22630
H2,high_demand_high_stress,115,365,87965,82125,5840,0.93361,46015.551533,46015551.533,11753.5,20.8,21658.0,903.251533,11680.0,4254,2,2,16660,0.308469,0.389114,0.390364,0.395817,0.943352,32120,27375,22630
H2,high_demand_high_stress,116,365,87965,82125,5840,0.93361,47437.799889,47437799.889,12051.0,323.7,22454.9,928.199889,11680.0,4300,31,31,17273,0.24856,0.287487,0.376253,0.345764,0.940895,32120,27375,22630
H2,high_demand_high_stress,117,365,87965,82125,5840,0.93361,48071.438888,48071438.888,12021.5,596.7,22834.5,938.738888,11680.0,4307,57,57,17565,0.252726,0.321202,0.332365,0.310252,0.939712,32120,27375,22630
H2,high_demand_high_stress,118,365,87965,82125,5840,0.93361,52868.014487,52868014.487,12105.0,2613.0,25470.9,999.114487,11680.0,4296,246,246,19593,0.207113,0.261182,0.32737,0.273556,0.931265,32120,27375,22630
H2,high_demand_high_stress,119,365,87965,82125,5840,0.93361,46469.578505,46469578.505,11991.0,10.4,21882.9,905.278505,11680.0,4218,1,1,16833,0.321223,0.344676,0.442019,0.428177,0.942393,32120,27375,22630
H2,high_demand_high_stress,120,365,87965,82125,5840,0.93361,48545.830462,48545830.462,12029.0,799.5,23093.2,944.130462,11680.0,4308,75,75,17764,0.237473,0.292462,0.359251,0.330916,0.93889,32120,27375,22630
H2,high_demand_high_stress,121,365,87965,82125,5840,0.93361,50119.292196,50119292.196,12113.5,1435.2,23929.1,961.492196,11680.0,4273,135,135,18407,0.213664,0.28885,0.331951,0.27821,0.936064,32120,27375,22630
H2,high_demand_high_stress,122,365,87965,82125,5840,0.93361,49530.970982,49530970.982,12155.0,1168.7,23578.1,949.170982,11680.0,4224,109,109,18137,0.236456,0.281674,0.334947,0.31461,0.936959,32120,27375,22630
H2,high_demand_high_stress,123,365,87965,82125,5840,0.93361,49889.575903,49889575.903,12117.0,1337.7,23796.5,958.375903,11680.0,4270,127,127,18305,0.22362,0.258807,0.351104,0.295795,0.936484,32120,27375,22630
H2,high_demand_high_stress,124,365,87965,82125,5840,0.93361,51316.606065,51316606.065,12164.0,1926.6,24571.3,974.706065,11680.0,4253,182,182,18901,0.199161,0.262031,0.350835,0.276457,0.933936,32120,27375,22630
H2,high_demand_high_stress,125,365,87965,82125,5840,0.93361,47660.983777,47660983.777,12110.0,395.2,22548.5,927.283777,11680.0,4245,37,37,17345,0.232628,0.278575,0.323251,0.333268,0.940342,32120,27375,22630
H2,high_demand_high_stress,126,365,87965,82125,5840,0.93361,48125.254226,48125254.226,11985.0,637.0,22880.0,943.254226,11680.0,4356,60,60,17600,0.230395,0.261157,0.347686,0.34084,0.93979,32120,27375,22630
H2,high_demand_high_stress,127,365,87965,82125,5840,0.93361,46716.696354,46716696.354,12069.5,41.6,22012.9,912.696354,11680.0,4262,4,4,16933,0.30942,0.336784,0.400026,0.405222,0.942151,32120,27375,22630
H2,high_demand_high_stress,128,365,87965,82125,5840,0.93361,45024.766653,45024766.653,11429.0,10.4,21027.5,877.866653,11680.0,4136,1,1,16175,0.30049,0.341903,0.428841,0.411516,0.945023,32120,27375,22630
H2,high_demand_high_stress,129,365,87965,82125,5840,0.93361,48750.833066,48750833.066,11994.5,908.7,23218.0,949.633066,11680.0,4336,87,87,17860,0.23221,0.278068,0.341121,0.344911,0.938635,32120,27375,22630
H2,high_demand_high_stress,130,365,87965,82125,5840,0.93361,46178.216999,46178216.999,11875.0,10.4,21707.4,905.416999,11680.0,4253,1,1,16698,0.297054,0.329644,0.392007,0.363488,0.943169,32120,27375,22630
H3,high_demand_high_stress,101,365,87965,82125,5840,0.93361,45700.359728,45700359.728,11656.0,20.8,21461.7,881.859728,11680.0,4233,2,2,16509,0.643959,0.669798,0.73171,0.693907,0.943945,32120,27375,22630
H3,high_demand_high_stress,102,365,87965,82125,5840,0.93361,47065.35595,47065355.95,12112.5,74.1,22287.2,911.55595,11680.0,4341,7,7,17144,0.629881,0.653838,0.705504,0.688733,0.941562,32120,27375,22630
H3,high_demand_high_stress,103,365,87965,82125,5840,0.93361,53769.821434,53769821.434,12438.0,2698.8,25957.1,995.921434,11680.0,4295,253,253,19967,0.551157,0.578738,0.62102,0.590263,0.929584,32120,27375,22630
H3,high_demand_high_stress,104,365,87965,82125,5840,0.93361,47289.831672,47289831.672,12077.0,188.5,22426.3,918.031672,11680.0,4376,18,18,17251,0.619625,0.668542,0.67929,0.680717,0.941279,32120,27375,22630
H3,high_demand_high_stress,105,365,87965,82125,5840,0.93361,50845.74332,50845743.32,12337.0,1511.9,24355.5,961.34332,11680.0,4332,143,143,18735,0.56698,0.61739,0.6407,0.633354,0.934872,32120,27375,22630
H3,high_demand_high_stress,106,365,87965,82125,5840,0.93361,47951.625312,47951625.312,12327.0,291.2,22734.4,919.025312,11680.0,4287,28,28,17488,0.6018,0.628803,0.678568,0.668553,0.93984,32120,27375,22630
H3,high_demand_high_stress,107,365,87965,82125,5840,0.93361,49734.74711,49734747.11,12253.0,1064.7,23782.2,954.84711,11680.0,4426,101,101,18294,0.58043,0.647027,0.652247,0.631674,0.937123,32120,27375,22630
H3,high_demand_high_stress,108,365,87965,82125,5840,0.93361,56529.06102,56529061.02,12332.5,3926.0,27554.8,1035.76102,11680.0,4341,365,365,21196,0.520632,0.56039,0.631767,0.590584,0.924694,32120,27375,22630
H3,high_demand_high_stress,109,365,87965,82125,5840,0.93361,45507.645015,45507645.015,11581.0,41.6,21327.8,877.245015,11680.0,4219,4,4,16406,0.650149,0.694612,0.719085,0.690043,0.944361,32120,27375,22630
H3,high_demand_high_stress,110,365,87965,82125,5840,0.93361,58786.583656,58786583.656,12477.0,4851.6,28720.9,1057.083656,11680.0,4254,453,453,22093,0.503857,0.562776,0.592981,0.552134,0.920598,32120,27375,22630
H3,high_demand_high_stress,111,365,87965,82125,5840,0.93361,44566.239394,44566239.394,11324.0,20.8,20696.0,845.439394,11680.0,4015,2,2,15920,0.650141,0.672611,0.720672,0.711302,0.945644,32120,27375,22630
H3,high_demand_high_stress,112,365,87965,82125,5840,0.93361,46837.144172,46837144.172,12051.5,41.6,22159.8,904.244172,11680.0,4285,4,4,17046,0.634591,0.668553,0.693926,0.700027,0.94174,32120,27375,22630
H3,high_demand_high_stress,113,365,87965,82125,5840,0.93361,47095.506484,47095506.484,12095.0,83.2,22323.6,913.706484,11680.0,4358,8,8,17172,0.637169,0.686379,0.706919,0.67536,0.941516,32120,27375,22630
H3,high_demand_high_stress,114,365,87965,82125,5840,0.93361,46859.868664,46859868.664,12021.5,52.0,22196.2,910.168664,11680.0,4354,5,5,17074,0.647332,0.672011,0.696817,0.714323,0.941932,32120,27375,22630
H3,high_demand_high_stress,115,365,87965,82125,5840,0.93361,46718.857745,46718857.745,11988.0,31.2,22114.3,905.357745,11680.0,4316,3,3,17011,0.646887,0.652865,0.703884,0.711585,0.942037,32120,27375,22630
H3,high_demand_high_stress,116,365,87965,82125,5840,0.93361,49904.361012,49904361.012,12270.0,1128.4,23874.5,951.461012,11680.0,4357,106,106,18365,0.588305,0.622598,0.651952,0.642499,0.936511,32120,27375,22630
H3,high_demand_high_stress,117,365,87965,82125,5840,0.93361,47883.344452,47883344.452,12220.0,286.0,22769.5,927.844452,11680.0,4384,27,27,17515,0.606884,0.637647,0.672403,0.64946,0.940155,32120,27375,22630
H3,high_demand_high_stress,118,365,87965,82125,5840,0.93361,50979.712361,50979712.361,12269.0,1597.7,24464.7,968.312361,11680.0,4391,151,151,18819,0.557561,0.594037,0.636834,0.655033,0.934799,32120,27375,22630
H3,high_demand_high_stress,119,365,87965,82125,5840,0.93361,49612.935609,49612935.609,12358.0,975.0,23661.3,938.635609,11680.0,4253,92,92,18201,0.582246,0.621825,0.647627,0.666269,0.936721,32120,27375,22630
H3,high_demand_high_stress,120,365,87965,82125,5840,0.93361,47262.224828,47262224.828,12232.0,41.6,22393.8,914.824828,11680.0,4343,4,4,17226,0.620832,0.643371,0.71317,0.662643,0.941183,32120,27375,22630
H3,high_demand_high_stress,121,365,87965,82125,5840,0.93361,50367.824839,50367824.839,12284.5,1324.7,24120.2,958.424839,11680.0,4356,126,126,18554,0.568034,0.601694,0.633686,0.616018,0.935735,32120,27375,22630
H3,high_demand_high_stress,122,365,87965,82125,5840,0.93361,46792.259147,46792259.147,12072.5,41.6,22094.8,903.359147,11680.0,4300,4,4,16996,0.626032,0.664881,0.69569,0.702736,0.942037,32120,27375,22630
H3,high_demand_high_stress,123,365,87965,82125,5840,0.93361,51504.43407,51504434.07,12396.0,1757.6,24702.6,968.23407,11680.0,4311,165,165,19002,0.543079,0.587585,0.625824,0.600309,0.933662,32120,27375,22630
H3,high_demand_high_stress,124,365,87965,82125,5840,0.93361,49415.050908,49415050.908,12236.5,934.7,23617.1,946.750908,11680.0,4366,89,89,18167,0.579904,0.633058,0.64509,0.646271,0.937379,32120,27375,22630
H3,high_demand_high_stress,125,365,87965,82125,5840,0.93361,45578.301535,45578301.535,11700.5,20.8,21308.3,868.701535,11680.0,4121,2,2,16391,0.6644,0.686109,0.708115,0.74032,0.943973,32120,27375,22630
H3,high_demand_high_stress,126,365,87965,82125,5840,0.93361,45453.882141,45453882.141,11475.5,31.2,21382.4,884.782141,11680.0,4294,3,3,16448,0.63112,0.662471,0.700372,0.731968,0.944511,32120,27375,22630
H3,high_demand_high_stress,127,365,87965,82125,5840,0.93361,51616.491215,51616491.215,12420.5,1804.4,24745.5,966.091215,11680.0,4266,169,169,19035,0.550848,0.602271,0.607463,0.587409,0.933324,32120,27375,22630
H3,high_demand_high_stress,128,365,87965,82125,5840,0.93361,46169.060472,46169060.472,11843.0,31.2,21724.3,890.560472,11680.0,4264,3,3,16711,0.653697,0.674251,0.706584,0.728647,0.943169,32120,27375,22630
H3,high_demand_high_stress,129,365,87965,82125,5840,0.93361,50523.003179,50523003.179,12222.0,1417.0,24239.8,964.203179,11680.0,4396,135,135,18646,0.550311,0.582436,0.646359,0.632613,0.935539,32120,27375,22630
H3,high_demand_high_stress,130,365,87965,82125,5840,0.93361,46952.116338,46952116.338,12053.0,52.0,22250.8,916.316338,11680.0,4416,5,5,17116,0.637169,0.653837,0.698873,0.703549,0.942023,32120,27375,22630
H4,high_demand_high_stress,101,365,87965,82125,5840,0.93361,45654.276378,45654276.378,11645.5,10.4,21437.0,881.376378,11680.0,4232,1,1,16490,0.650009,0.706843,0.695427,0.692302,0.944023,32120,27375,22630
H4,high_demand_high_stress,102,365,87965,82125,5840,0.93361,47139.69195,47139691.95,12068.0,166.4,22314.5,910.79195,11680.0,4320,16,16,17165,0.631205,0.659597,0.695244,0.67288,0.941411,32120,27375,22630
H4,high_demand_high_stress,103,365,87965,82125,5840,0.93361,53748.521866,53748521.866,12421.5,2713.1,25937.6,996.321866,11680.0,4294,253,253,19952,0.524226,0.58174,0.600843,0.577634,0.929644,32120,27375,22630
H4,high_demand_high_stress,104,365,87965,82125,5840,0.93361,47223.163743,47223163.743,12093.5,136.5,22395.1,918.063743,11680.0,4383,13,13,17227,0.600903,0.641736,0.701905,0.654097,0.941402,32120,27375,22630
H4,high_demand_high_stress,105,365,87965,82125,5840,0.93361,50830.7021,50830702.1,12329.5,1514.5,24345.1,961.6021,11680.0,4328,144,144,18727,0.562136,0.612974,0.622691,0.60546,0.934895,32120,27375,22630
H4,high_demand_high_stress,106,365,87965,82125,5840,0.93361,47900.854805,47900854.805,12333.5,260.0,22708.4,918.954805,11680.0,4293,25,25,17468,0.60689,0.665875,0.662897,0.662589,0.939945,32120,27375,22630
H4,high_demand_high_stress,107,365,87965,82125,5840,0.93361,49651.706038,49651706.038,12257.5,1021.8,23738.0,954.406038,11680.0,4427,97,97,18260,0.564842,0.574378,0.652308,0.652538,0.937269,32120,27375,22630
H4,high_demand_high_stress,108,365,87965,82125,5840,0.93361,56381.484347,56381484.347,12329.0,3871.4,27466.4,1034.684347,11680.0,4339,361,361,21128,0.509131,0.560081,0.603233,0.579666,0.924977,32120,27375,22630
H4,high_demand_high_stress,109,365,87965,82125,5840,0.93361,45508.086124,45508086.124,11588.0,31.2,21331.7,877.186124,11680.0,4223,3,3,16409,0.661067,0.696479,0.7017,0.742592,0.944361,32120,27375,22630
H4,high_demand_high_stress,110,365,87965,82125,5840,0.93361,58498.680328,58498680.328,12459.0,4703.4,28600.0,1056.280328,11680.0,4290,428,428,22000,0.497914,0.573763,0.563808,0.549431,0.921068,32120,27375,22630
H4,high_demand_high_stress,111,365,87965,82125,5840,0.93361,44544.27805,44544278.05,11325.5,10.4,20683.0,845.37805,11680.0,4016,1,1,15910,0.651313,0.676057,0.72008,0.702642,0.945685,32120,27375,22630
H4,high_demand_high_stress,112,365,87965,82125,5840,0.93361,46827.69772,46827697.72,12064.0,20.8,22158.5,904.39772,11680.0,4289,2,2,17045,0.634721,0.659144,0.709767,0.694176,0.941753,32120,27375,22630
H4,high_demand_high_stress,113,365,87965,82125,5840,0.93361,47123.097503,47123097.503,12073.0,124.8,22331.4,913.897503,11680.0,4348,12,12,17178,0.614621,0.648523,0.687428,0.67916,0.941461,32120,27375,22630
H4,high_demand_high_stress,114,365,87965,82125,5840,0.93361,46900.740512,46900740.512,12017.5,72.8,22219.6,910.840512,11680.0,4352,7,7,17092,0.649572,0.691041,0.681514,0.690747,0.941849,32120,27375,22630
H4,high_demand_high_stress,115,365,87965,82125,5840,0.93361,46744.130825,46744130.825,11974.5,62.4,22122.1,905.130825,11680.0,4310,6,6,17017,0.634974,0.650405,0.705945,0.714015,0.941995,32120,27375,22630
H4,high_demand_high_stress,116,365,87965,82125,5840,0.93361,49888.366359,49888366.359,12262.5,1138.8,23855.0,952.066359,11680.0,4350,108,108,18350,0.546059,0.59368,0.630574,0.611412,0.936557,32120,27375,22630
H4,high_demand_high_stress,117,365,87965,82125,5840,0.93361,47915.992009,47915992.009,12220.0,302.9,22785.1,927.992009,11680.0,4382,29,29,17527,0.592945,0.627044,0.679036,0.662948,0.9401,32120,27375,22630
H4,high_demand_high_stress,118,365,87965,82125,5840,0.93361,50962.530084,50962530.084,12270.0,1586.0,24458.2,968.330084,11680.0,4391,150,150,18814,0.549721,0.606578,0.631697,0.627584,0.934817,32120,27375,22630
H4,high_demand_high_stress,119,365,87965,82125,5840,0.93361,49562.835948,49562835.948,12362.5,950.3,23631.4,938.635948,11680.0,4255,90,90,18178,0.591227,0.617506,0.646137,0.647166,0.936826,32120,27375,22630
H4,high_demand_high_stress,120,365,87965,82125,5840,0.93361,47330.968394,47330968.394,12223.5,83.2,22428.9,915.368394,11680.0,4339,8,8,17253,0.611058,0.649834,0.689287,0.688862,0.941059,32120,27375,22630
H4,high_demand_high_stress,121,365,87965,82125,5840,0.93361,50387.163328,50387163.328,12283.0,1326.0,24139.7,958.463328,11680.0,4362,124,124,18569,0.556571,0.601838,0.639423,0.64235,0.935685,32120,27375,22630
H4,high_demand_high_stress,122,365,87965,82125,5840,0.93361,46784.048568,46784048.568,12069.5,41.6,22089.6,903.348568,11680.0,4299,4,4,16992,0.64801,0.672863,0.692746,0.684381,0.94205,32120,27375,22630
H4,high_demand_high_stress,123,365,87965,82125,5840,0.93361,51505.971613,51505971.613,12396.5,1758.9,24702.6,967.971613,11680.0,4310,165,165,19002,0.540861,0.576523,0.641037,0.604075,0.933658,32120,27375,22630
H4,high_demand_high_stress,124,365,87965,82125,5840,0.93361,49350.677838,49350677.838,12241.0,899.6,23583.3,946.777838,11680.0,4370,85,85,18141,0.572698,0.582884,0.651948,0.64581,0.937498,32120,27375,22630
H4,high_demand_high_stress,125,365,87965,82125,5840,0.93361,45574.66347,45574663.47,11707.0,10.4,21308.3,868.96347,11680.0,4124,1,1,16391,0.659237,0.6987,0.721432,0.706943,0.943982,32120,27375,22630
H4,high_demand_high_stress,126,365,87965,82125,5840,0.93361,45474.444344,45474444.344,11452.0,72.8,21385.0,884.644345,11680.0,4284,7,7,16450,0.626157,0.654471,0.69708,0.704211,0.94447,32120,27375,22630
H4,high_demand_high_stress,127,365,87965,82125,5840,0.93361,51771.299958,51771299.958,12426.0,1872.0,24826.1,967.199958,11680.0,4260,177,177,19097,0.547459,0.607304,0.605856,0.615109,0.93305,32120,27375,22630
H4,high_demand_high_stress,128,365,87965,82125,5840,0.93361,46136.106732,46136106.732,11839.0,20.8,21706.1,890.206732,11680.0,4263,2,2,16697,0.644236,0.677441,0.698766,0.723996,0.943228,32120,27375,22630
H4,high_demand_high_stress,129,365,87965,82125,5840,0.93361,50512.52802,50512528.02,12216.5,1415.7,24235.9,964.42802,11680.0,4398,134,134,18643,0.5579,0.622791,0.630715,0.60352,0.935557,32120,27375,22630
H4,high_demand_high_stress,130,365,87965,82125,5840,0.93361,46921.530745,46921530.745,12044.0,52.0,22230.0,915.530745,11680.0,4413,5,5,17100,0.630094,0.649362,0.708304,0.703076,0.942082,32120,27375,22630
